ICD-10-CM-CODE,ICD-O-3-PRIMARY-SITE,HISTOLOGY,BEHAVIOR,GRADE,LATERALITY,REPORTABILITY,GENDER
C00,C009,8000,3,9,0,Y,
C000,C000,8000,3,9,0,Y,
C001,C001,8000,3,9,0,Y,
C002,C002,8000,3,9,0,Y,
C003,C003,8000,3,9,0,Y,
C004,C004,8000,3,9,0,Y,
C005,C005,8000,3,9,0,Y,
C006,C006,8000,3,9,0,Y,
C008,C008,8000,3,9,0,Y,
C009,C009,8000,3,9,0,Y,
C01,C019,8000,3,9,0,Y,
C02,C029,8000,3,9,0,Y,
C020,C020,8000,3,9,0,Y,
C021,C021,8000,3,9,0,Y,
C022,C022,8000,3,9,0,Y,
C023,C023,8000,3,9,0,Y,
C024,C024,8000,3,9,0,Y,
C028,C028,8000,3,9,0,Y,
C029,C029,8000,3,9,0,Y,
C03,C039,8000,3,9,0,Y,
C030,C030,8000,3,9,0,Y,
C031,C031,8000,3,9,0,Y,
C039,C039,8000,3,9,0,Y,
C04,C049,8000,3,9,0,Y,
C040,C040,8000,3,9,0,Y,
C041,C041,8000,3,9,0,Y,
C048,C048,8000,3,9,0,Y,
C049,C049,8000,3,9,0,Y,
C05,C059,8000,3,9,0,Y,
C050,C050,8000,3,9,0,Y,
C051,C051,8000,3,9,0,Y,
C052,C052,8000,3,9,0,Y,
C058,C058,8000,3,9,0,Y,
C059,C059,8000,3,9,0,Y,
C06,C069,8000,3,9,0,Y,
C060,C060,8000,3,9,0,Y,
C061,C061,8000,3,9,0,Y,
C062,C062,8000,3,9,0,Y,
C068,C069,8000,3,9,0,Y,
C0680,C068,8000,3,9,0,Y,
C0689,C068,8000,3,9,0,Y,
C069,C069,8000,3,9,0,Y,
C07,C079,8000,3,9,9,Y,
C08,C089,8000,3,9,0,Y,
C080,C080,8000,3,9,9,Y,
C081,C081,8000,3,9,9,Y,
C089,C089,8000,3,9,0,Y,
C09,C099,8000,3,9,9,Y,
C090,C090,8000,3,9,9,Y,
C091,C091,8000,3,9,9,Y,
C098,C098,8000,3,9,9,Y,
C099,C099,8000,3,9,9,Y,
C10,C109,8000,3,9,0,Y,
C100,C100,8000,3,9,0,Y,
C101,C101,8000,3,9,0,Y,
C102,C102,8000,3,9,0,Y,
C103,C103,8000,3,9,0,Y,
C104,C104,8000,3,9,0,Y,
C108,C108,8000,3,9,0,Y,
C109,C109,8000,3,9,0,Y,
C11,C119,8000,3,9,0,Y,
C110,C110,8000,3,9,0,Y,
C111,C111,8000,3,9,0,Y,
C112,C112,8000,3,9,0,Y,
C113,C113,8000,3,9,0,Y,
C118,C118,8000,3,9,0,Y,
C119,C119,8000,3,9,0,Y,
C12,C129,8000,3,9,0,Y,
C13,C139,8000,3,9,0,Y,
C130,C130,8000,3,9,0,Y,
C131,C131,8000,3,9,0,Y,
C132,C132,8000,3,9,0,Y,
C138,C138,8000,3,9,0,Y,
C139,C139,8000,3,9,0,Y,
C14,C148,8000,3,9,0,Y,
C140,C140,8000,3,9,0,Y,
C142,C142,8000,3,9,0,Y,
C148,C148,8000,3,9,0,Y,
C15,C159,8000,3,9,0,Y,
C153,C153,8000,3,9,0,Y,
C154,C154,8000,3,9,0,Y,
C155,C155,8000,3,9,0,Y,
C158,C158,8000,3,9,0,Y,
C159,C159,8000,3,9,0,Y,
C16,C169,8000,3,9,0,Y,
C160,C160,8000,3,9,0,Y,
C161,C161,8000,3,9,0,Y,
C162,C162,8000,3,9,0,Y,
C163,C163,8000,3,9,0,Y,
C164,C164,8000,3,9,0,Y,
C165,C165,8000,3,9,0,Y,
C166,C166,8000,3,9,0,Y,
C168,C168,8000,3,9,0,Y,
C169,C169,8000,3,9,0,Y,
C17,C179,8000,3,9,0,Y,
C170,C170,8000,3,9,0,Y,
C171,C171,8000,3,9,0,Y,
C172,C172,8000,3,9,0,Y,
C173,C173,8000,3,9,0,Y,
C178,C178,8000,3,9,0,Y,
C179,C179,8000,3,9,0,Y,
C18,C189,8000,3,9,0,Y,
C180,C180,8000,3,9,0,Y,
C181,C181,8000,3,9,0,Y,
C182,C182,8000,3,9,0,Y,
C183,C183,8000,3,9,0,Y,
C184,C184,8000,3,9,0,Y,
C185,C185,8000,3,9,0,Y,
C186,C186,8000,3,9,0,Y,
C187,C187,8000,3,9,0,Y,
C188,C188,8000,3,9,0,Y,
C189,C189,8000,3,9,0,Y,
C19,C199,8000,3,9,0,Y,
C20,C209,8000,3,9,0,Y,
C21,C218,8000,3,9,0,Y,
C210,C210,8000,3,9,0,Y,
C211,C211,8000,3,9,0,Y,
C212,C212,8000,3,9,0,Y,
C218,C218,8000,3,9,0,Y,
C22,C220,8000,3,9,0,Y,
C220,C220,8170,3,9,0,Y,
C221,C221,8160,3,9,0,Y,
C222,C220,8970,3,9,0,Y,
C223,C220,9120,3,9,0,Y,
C224,C220,8800,3,9,0,Y,
C227,C220,8010,3,9,0,Y,
C228,C220,8000,3,9,0,Y,
C229,C220,8000,3,9,0,Y,
C23,C239,8000,3,9,0,Y,
C24,C249,8000,3,9,0,Y,
C240,C240,8000,3,9,0,Y,
C241,C241,8000,3,9,0,Y,
C248,C248,8000,3,9,0,Y,
C249,C249,8000,3,9,0,Y,
C25,C259,8000,3,9,0,Y,
C250,C250,8000,3,9,0,Y,
C251,C251,8000,3,9,0,Y,
C252,C252,8000,3,9,0,Y,
C253,C253,8000,3,9,0,Y,
C254,C254,8000,3,9,0,Y,
C257,C257,8000,3,9,0,Y,
C258,C258,8000,3,9,0,Y,
C259,C259,8000,3,9,0,Y,
C26,C269,8000,3,9,0,Y,
C260,C260,8000,3,9,0,Y,
C261,C422,9590,3,9,0,Y,
C269,C269,8000,3,9,0,Y,
C30,C300,8000,3,9,9,Y,
C300,C300,8000,3,9,9,Y,
C301,C301,8000,3,9,9,Y,
C31,C319,8000,3,9,0,Y,
C310,C310,8000,3,9,9,Y,
C311,C311,8000,3,9,0,Y,
C312,C312,8000,3,9,9,Y,
C313,C313,8000,3,9,0,Y,
C318,C318,8000,3,9,0,Y,
C319,C319,8000,3,9,0,Y,
C32,C329,8000,3,9,0,Y,
C320,C320,8000,3,9,0,Y,
C321,C321,8000,3,9,0,Y,
C322,C322,8000,3,9,0,Y,
C323,C323,8000,3,9,0,Y,
C328,C328,8000,3,9,0,Y,
C329,C329,8000,3,9,0,Y,
C33,C339,8000,3,9,0,Y,
C34,C349,8000,3,9,9,Y,
C340,C340,8000,3,9,9,Y,
C3400,C340,8000,3,9,9,Y,
C3401,C340,8000,3,9,1,Y,
C3402,C340,8000,3,9,2,Y,
C341,C341,8000,3,9,9,Y,
C3410,C341,8000,3,9,9,Y,
C3411,C341,8000,3,9,1,Y,
C3412,C341,8000,3,9,2,Y,
C342,C342,8000,3,9,1,Y,
C343,C343,8000,3,9,9,Y,
C3430,C343,8000,3,9,9,Y,
C3431,C343,8000,3,9,1,Y,
C3432,C343,8000,3,9,2,Y,
C348,C348,8000,3,9,9,Y,
C3480,C348,8000,3,9,9,Y,
C3481,C348,8000,3,9,1,Y,
C3482,C348,8000,3,9,2,Y,
C349,C349,8000,3,9,9,Y,
C3490,C349,8000,3,9,9,Y,
C3491,C349,8000,3,9,1,Y,
C3492,C349,8000,3,9,2,Y,
C37,C379,8000,3,9,0,Y,
C38,C388,8000,3,9,0,Y,
C380,C380,8000,3,9,0,Y,
C381,C381,8000,3,9,0,Y,
C382,C382,8000,3,9,0,Y,
C383,C383,8000,3,9,0,Y,
C384,C384,8000,3,9,9,Y,
C388,C388,8000,3,9,0,Y,
C39,C399,8000,3,9,0,Y,
C390,C390,8000,3,9,0,Y,
C399,C399,8000,3,9,0,Y,
C40,C409,8000,3,9,0,Y,
C400,C400,8000,3,9,9,Y,
C4000,C400,8000,3,9,9,Y,
C4001,C400,8000,3,9,1,Y,
C4002,C400,8000,3,9,2,Y,
C401,C401,8000,3,9,9,Y,
C4010,C401,8000,3,9,9,Y,
C4011,C401,8000,3,9,1,Y,
C4012,C401,8000,3,9,2,Y,
C402,C402,8000,3,9,9,Y,
C4020,C402,8000,3,9,9,Y,
C4021,C402,8000,3,9,1,Y,
C4022,C402,8000,3,9,2,Y,
C403,C403,8000,3,9,9,Y,
C4030,C403,8000,3,9,9,Y,
C4031,C403,8000,3,9,1,Y,
C4032,C403,8000,3,9,2,Y,
C408,C408,8000,3,9,0,Y,
C4080,C408,8000,3,9,0,Y,
C4081,C408,8000,3,9,1,Y,
C4082,C408,8000,3,9,2,Y,
C409,C409,8000,3,9,0,Y,
C4090,C409,8000,3,9,0,Y,
C4091,C409,8000,3,9,1,Y,
C4092,C409,8000,3,9,2,Y,
C41,C419,8000,3,9,0,Y,
C410,C410,8000,3,9,0,Y,
C411,C411,8000,3,9,0,Y,
C412,C412,8000,3,9,0,Y,
C413,C413,8000,3,9,9,Y,
C414,C414,8000,3,9,9,Y,
C419,C419,8000,3,9,0,Y,
C43,C449,8720,3,9,0,Y,
C430,C440,8720,3,9,0,Y,
C431,C441,8720,3,9,9,Y,
C4310,C441,8720,3,9,9,Y,
C4311,C441,8720,3,9,1,Y,
C4312,C441,8720,3,9,2,Y,
C432,C442,8720,3,9,9,Y,
C4320,C442,8720,3,9,9,Y,
C4321,C442,8720,3,9,1,Y,
C4322,C442,8720,3,9,2,Y,
C433,C443,8720,3,9,9,Y,
C4330,C443,8720,3,9,9,Y,
C4331,C443,8720,3,9,9,Y,
C4339,C443,8720,3,9,9,Y,
C434,C443,8720,3,9,9,Y,
C435,C445,8720,3,9,9,Y,
C4351,C445,8720,3,9,9,Y,
C4352,C445,8720,3,9,9,Y,
C4359,C445,8720,3,9,9,Y,
C436,C446,8720,3,9,9,Y,
C4360,C446,8720,3,9,9,Y,
C4361,C446,8720,3,9,1,Y,
C4362,C446,8720,3,9,2,Y,
C437,C447,8720,3,9,9,Y,
C4370,C447,8720,3,9,9,Y,
C4371,C447,8720,3,9,1,Y,
C4372,C447,8720,3,9,2,Y,
C438,C448,8720,3,9,0,Y,
C439,C449,8720,3,9,0,Y,
C45,C384,9050,3,9,9,Y,
C450,C384,9050,3,9,9,Y,
C451,C482,9050,3,9,0,Y,
C452,C380,9050,3,9,0,Y,
C457,C384,9050,3,9,9,Y,
C459,C384,9050,3,9,9,Y,
C46,C449,9140,3,9,0,Y,
C460,C449,9140,3,9,0,Y,
C461,C499,9140,3,9,0,Y,
C462,C059,9140,3,9,0,Y,
C463,C779,9140,3,9,0,Y,
C464,C269,9140,3,9,0,Y,
C465,C349,9140,3,9,9,Y,
C4650,C349,9140,3,9,9,Y,
C4651,C349,9140,3,9,1,Y,
C4652,C349,9140,3,9,2,Y,
C467,C809,9140,3,9,0,Y,
C469,C449,9140,3,9,0,Y,
C47,C479,8000,3,9,0,Y,
C470,C470,8000,3,9,0,Y,
C471,C471,8000,3,9,9,Y,
C4710,C471,8000,3,9,9,Y,
C4711,C471,8000,3,9,1,Y,
C4712,C471,8000,3,9,2,Y,
C472,C472,8000,3,9,9,Y,
C4720,C472,8000,3,9,9,Y,
C4721,C472,8000,3,9,1,Y,
C4722,C472,8000,3,9,2,Y,
C473,C473,8000,3,9,0,Y,
C474,C474,8000,3,9,0,Y,
C475,C475,8000,3,9,0,Y,
C476,C476,8000,3,9,0,Y,
C478,C478,8000,3,9,0,Y,
C479,C479,8000,3,9,0,Y,
C48,C488,8000,3,9,0,Y,
C480,C480,8000,3,9,0,Y,
C481,C481,8000,3,9,0,Y,
C482,C482,8000,3,9,0,Y,
C488,C488,8000,3,9,0,Y,
C49,C499,8000,3,9,0,Y,
C490,C490,8000,3,9,0,Y,
C491,C491,8000,3,9,9,Y,
C4910,C491,8000,3,9,9,Y,
C4911,C491,8000,3,9,1,Y,
C4912,C491,8000,3,9,2,Y,
C492,C492,8000,3,9,9,Y,
C4920,C492,8000,3,9,9,Y,
C4921,C492,8000,3,9,1,Y,
C4922,C492,8000,3,9,2,Y,
C493,C493,8000,3,9,0,Y,
C494,C494,8000,3,9,0,Y,
C495,C495,8000,3,9,0,Y,
C496,C496,8000,3,9,0,Y,
C498,C498,8000,3,9,0,Y,
C499,C499,8000,3,9,0,Y,
C4A,C449,8247,3,9,0,Y,
C4A0,C440,8247,3,9,0,Y,
C4A1,C441,8247,3,9,9,Y,
C4A10,C441,8247,3,9,9,Y,
C4A11,C441,8247,3,9,1,Y,
C4A12,C441,8247,3,9,2,Y,
C4A2,C442,8247,3,9,9,Y,
C4A20,C442,8247,3,9,9,Y,
C4A21,C442,8247,3,9,1,Y,
C4A22,C442,8247,3,9,2,Y,
C4A3,C443,8247,3,9,9,Y,
C4A30,C443,8247,3,9,9,Y,
C4A31,C443,8247,3,9,1,Y,
C4A39,C443,8247,3,9,2,Y,
C4A4,C444,8247,3,9,0,Y,
C4A5,C445,8247,3,9,9,Y,
C4A51,C445,8247,3,9,9,Y,
C4A52,C445,8247,3,9,9,Y,
C4A59,C445,8247,3,9,9,Y,
C4A6,C446,8247,3,9,9,Y,
C4A60,C446,8247,3,9,9,Y,
C4A61,C446,8247,3,9,1,Y,
C4A62,C446,8247,3,9,2,Y,
C4A7,C447,8247,3,9,9,Y,
C4A70,C447,8247,3,9,9,Y,
C4A71,C447,8247,3,9,1,Y,
C4A72,C447,8247,3,9,2,Y,
C4A8,C448,8247,3,9,0,Y,
C4A9,C449,8247,3,9,0,Y,
C50,C509,8000,3,9,9,Y,
C500,C500,8000,3,9,9,Y,
C5001,C500,8000,3,9,9,Y,
C50011,C500,8000,3,9,1,Y,
C50012,C500,8000,3,9,2,Y,
C50019,C500,8000,3,9,9,Y,
C5002,C500,8000,3,9,9,Y,
C50021,C500,8000,3,9,1,Y,
C50022,C500,8000,3,9,2,Y,
C50029,C500,8000,3,9,9,Y,
C501,C501,8000,3,9,9,Y,
C5011,C501,8000,3,9,9,Y,
C50111,C501,8000,3,9,1,Y,
C50112,C501,8000,3,9,2,Y,
C50119,C501,8000,3,9,9,Y,
C5012,C501,8000,3,9,9,Y,
C50121,C501,8000,3,9,1,Y,
C50122,C501,8000,3,9,2,Y,
C50129,C501,8000,3,9,9,Y,
C502,C502,8000,3,9,9,Y,
C5021,C502,8000,3,9,9,Y,
C50211,C502,8000,3,9,1,Y,
C50212,C502,8000,3,9,2,Y,
C50219,C502,8000,3,9,9,Y,
C5022,C502,8000,3,9,9,Y,
C50221,C502,8000,3,9,1,Y,
C50222,C502,8000,3,9,2,Y,
C50229,C502,8000,3,9,9,Y,
C503,C503,8000,3,9,9,Y,
C5031,C503,8000,3,9,9,Y,
C50311,C503,8000,3,9,1,Y,
C50312,C503,8000,3,9,2,Y,
C50319,C503,8000,3,9,9,Y,
C5032,C503,8000,3,9,9,Y,
C50321,C503,8000,3,9,1,Y,
C50322,C503,8000,3,9,2,Y,
C50329,C503,8000,3,9,9,Y,
C504,C504,8000,3,9,9,Y,
C5041,C504,8000,3,9,9,Y,
C50411,C504,8000,3,9,1,Y,
C50412,C504,8000,3,9,2,Y,
C50419,C504,8000,3,9,9,Y,
C5042,C504,8000,3,9,9,Y,
C50421,C504,8000,3,9,1,Y,
C50422,C504,8000,3,9,2,Y,
C50429,C504,8000,3,9,9,Y,
C505,C505,8000,3,9,9,Y,
C5051,C505,8000,3,9,9,Y,
C50511,C505,8000,3,9,1,Y,
C50512,C505,8000,3,9,2,Y,
C50519,C505,8000,3,9,9,Y,
C5052,C505,8000,3,9,9,Y,
C50521,C505,8000,3,9,1,Y,
C50522,C505,8000,3,9,2,Y,
C50529,C505,8000,3,9,9,Y,
C506,C506,8000,3,9,9,Y,
C5061,C506,8000,3,9,9,Y,
C50611,C506,8000,3,9,1,Y,
C50612,C506,8000,3,9,2,Y,
C50619,C506,8000,3,9,9,Y,
C5062,C506,8000,3,9,9,Y,
C50621,C506,8000,3,9,1,Y,
C50622,C506,8000,3,9,2,Y,
C50629,C506,8000,3,9,9,Y,
C508,C508,8000,3,9,9,Y,
C5081,C508,8000,3,9,9,Y,
C50811,C508,8000,3,9,1,Y,
C50812,C508,8000,3,9,2,Y,
C50819,C508,8000,3,9,9,Y,
C5082,C508,8000,3,9,9,Y,
C50821,C508,8000,3,9,1,Y,
C50822,C508,8000,3,9,2,Y,
C50829,C508,8000,3,9,9,Y,
C509,C509,8000,3,9,9,Y,
C5091,C509,8000,3,9,9,Y,
C50911,C509,8000,3,9,1,Y,
C50912,C509,8000,3,9,2,Y,
C50919,C509,8000,3,9,9,Y,
C5092,C509,8000,3,9,9,Y,
C50921,C509,8000,3,9,1,Y,
C50922,C509,8000,3,9,2,Y,
C50929,C509,8000,3,9,9,Y,
C51,C519,8000,3,9,0,Y,
C510,C510,8000,3,9,0,Y,
C511,C511,8000,3,9,0,Y,
C512,C512,8000,3,9,0,Y,
C518,C518,8000,3,9,0,Y,
C519,C519,8000,3,9,0,Y,
C52,C529,8000,3,9,0,Y,
C53,C539,8000,3,9,0,Y,
C530,C530,8000,3,9,0,Y,
C531,C531,8000,3,9,0,Y,
C538,C538,8000,3,9,0,Y,
C539,C539,8000,3,9,0,Y,
C54,C549,8000,3,9,0,Y,
C540,C540,8000,3,9,0,Y,
C541,C541,8000,3,9,0,Y,
C542,C542,8000,3,9,0,Y,
C543,C543,8000,3,9,0,Y,
C548,C548,8000,3,9,0,Y,
C549,C549,8000,3,9,0,Y,
C55,C559,8000,3,9,0,Y,
C56,C569,8000,3,9,9,Y,
C561,C569,8000,3,9,1,Y,
C562,C569,8000,3,9,2,Y,
C569,C569,8000,3,9,9,Y,
C57,C579,8000,3,9,0,Y,
C570,C570,8000,3,9,9,Y,
C5700,C570,8000,3,9,9,Y,
C5701,C570,8000,3,9,1,Y,
C5702,C570,8000,3,9,2,Y,
C571,C571,8000,3,9,0,Y,
C5710,C571,8000,3,9,0,Y,
C5711,C571,8000,3,9,1,Y,
C5712,C571,8000,3,9,2,Y,
C572,C572,8000,3,9,0,Y,
C5720,C572,8000,3,9,0,Y,
C5721,C572,8000,3,9,1,Y,
C5722,C572,8000,3,9,2,Y,
C573,C573,8000,3,9,0,Y,
C574,C574,8000,3,9,0,Y,
C577,C577,8000,3,9,0,Y,
C578,C578,8000,3,9,0,Y,
C579,C579,8000,3,9,0,Y,
C58,C589,8000,3,9,0,Y,
C60,C609,8000,3,9,0,Y,
C600,C600,8000,3,9,0,Y,
C601,C601,8000,3,9,0,Y,
C602,C602,8000,3,9,0,Y,
C608,C608,8000,3,9,0,Y,
C609,C609,8000,3,9,0,Y,
C61,C619,8000,3,9,0,Y,
C62,C629,8000,3,9,9,Y,
C620,C620,8000,3,9,9,Y,
C6200,C620,8000,3,9,9,Y,
C6201,C620,8000,3,9,1,Y,
C6202,C620,8000,3,9,2,Y,
C621,C621,8000,3,9,9,Y,
C6210,C621,8000,3,9,9,Y,
C6211,C621,8000,3,9,1,Y,
C6212,C621,8000,3,9,2,Y,
C629,C629,8000,3,9,9,Y,
C6290,C629,8000,3,9,9,Y,
C6291,C629,8000,3,9,1,Y,
C6292,C629,8000,3,9,2,Y,
C63,C639,8000,3,9,0,Y,
C630,C630,8000,3,9,9,Y,
C6300,C630,8000,3,9,9,Y,
C6301,C630,8000,3,9,1,Y,
C6302,C630,8000,3,9,2,Y,
C631,C631,8000,3,9,9,Y,
C6310,C631,8000,3,9,9,Y,
C6311,C631,8000,3,9,1,Y,
C6312,C631,8000,3,9,2,Y,
C632,C632,8000,3,9,0,Y,
C637,C637,8000,3,9,0,Y,
C638,C638,8000,3,9,0,Y,
C639,C639,8000,3,9,0,Y,
C64,C649,8000,3,9,9,Y,
C641,C649,8000,3,9,1,Y,
C642,C649,8000,3,9,2,Y,
C649,C649,8000,3,9,9,Y,
C65,C659,8000,3,9,9,Y,
C651,C659,8000,3,9,1,Y,
C652,C659,8000,3,9,2,Y,
C659,C659,8000,3,9,9,Y,
C66,C669,8000,3,9,9,Y,
C661,C669,8000,3,9,1,Y,
C662,C669,8000,3,9,2,Y,
C669,C669,8000,3,9,9,Y,
C67,C679,8000,3,9,0,Y,
C670,C670,8000,3,9,0,Y,
C671,C671,8000,3,9,0,Y,
C672,C672,8000,3,9,0,Y,
C673,C673,8000,3,9,0,Y,
C674,C674,8000,3,9,0,Y,
C675,C675,8000,3,9,0,Y,
C676,C676,8000,3,9,0,Y,
C677,C677,8000,3,9,0,Y,
C678,C678,8000,3,9,0,Y,
C679,C679,8000,3,9,0,Y,
C68,C689,8000,3,9,0,Y,
C680,C680,8000,3,9,0,Y,
C681,C681,8000,3,9,0,Y,
C688,C688,8000,3,9,0,Y,
C689,C689,8000,3,9,0,Y,
C69,C699,8000,3,9,9,Y,
C690,C690,8000,3,9,9,Y,
C6900,C690,8000,3,9,9,Y,
C6901,C690,8000,3,9,1,Y,
C6902,C690,8000,3,9,2,Y,
C691,C691,8000,3,9,9,Y,
C6910,C691,8000,3,9,9,Y,
C6911,C691,8000,3,9,1,Y,
C6912,C691,8000,3,9,2,Y,
C692,C692,8000,3,9,9,Y,
C6920,C692,8000,3,9,9,Y,
C6921,C692,8000,3,9,1,Y,
C6922,C692,8000,3,9,2,Y,
C693,C693,8000,3,9,9,Y,
C6930,C693,8000,3,9,9,Y,
C6931,C693,8000,3,9,1,Y,
C6932,C693,8000,3,9,2,Y,
C694,C694,8000,3,9,9,Y,
C6940,C694,8000,3,9,9,Y,
C6941,C694,8000,3,9,1,Y,
C6942,C694,8000,3,9,2,Y,
C695,C695,8000,3,9,9,Y,
C6950,C695,8000,3,9,9,Y,
C6951,C695,8000,3,9,1,Y,
C6952,C695,8000,3,9,2,Y,
C696,C696,8000,3,9,9,Y,
C6960,C696,8000,3,9,9,Y,
C6961,C696,8000,3,9,1,Y,
C6962,C696,8000,3,9,2,Y,
C698,C698,8000,3,9,9,Y,
C6980,C698,8000,3,9,9,Y,
C6981,C698,8000,3,9,1,Y,
C6982,C698,8000,3,9,2,Y,
C699,C699,8000,3,9,9,Y,
C6990,C699,8000,3,9,9,Y,
C6991,C699,8000,3,9,1,Y,
C6992,C699,8000,3,9,2,Y,
C70,C709,8000,3,9,9,Y,
C700,C700,8000,3,9,9,Y,
C701,C701,8000,3,9,9,Y,
C709,C709,8000,3,9,9,Y,
C71,C719,8000,3,9,9,Y,
C710,C710,8000,3,9,9,Y,
C711,C711,8000,3,9,9,Y,
C712,C712,8000,3,9,9,Y,
C713,C713,8000,3,9,9,Y,
C714,C714,8000,3,9,9,Y,
C715,C715,8000,3,9,0,Y,
C716,C716,8000,3,9,0,Y,
C717,C717,8000,3,9,0,Y,
C718,C718,8000,3,9,0,Y,
C719,C719,8000,3,9,0,Y,
C72,C729,8000,3,9,0,Y,
C720,C720,8000,3,9,0,Y,
C721,C721,8000,3,9,0,Y,
C722,C722,8000,3,9,9,Y,
C7220,C722,8000,3,9,9,Y,
C7221,C722,8000,3,9,1,Y,
C7222,C722,8000,3,9,2,Y,
C723,C723,8000,3,9,9,Y,
C7230,C723,8000,3,9,9,Y,
C7231,C723,8000,3,9,1,Y,
C7232,C723,8000,3,9,2,Y,
C724,C724,8000,3,9,9,Y,
C7240,C724,8000,3,9,9,Y,
C7241,C724,8000,3,9,1,Y,
C7242,C724,8000,3,9,2,Y,
C725,C725,8000,3,9,9,Y,
C7250,C725,8000,3,9,9,Y,
C7259,C725,8000,3,9,9,Y,
C729,C729,8000,3,9,0,Y,
C73,C739,8000,3,9,0,Y,
C74,C749,8000,3,9,9,Y,
C740,C740,8000,3,9,9,Y,
C7400,C740,8000,3,9,9,Y,
C7401,C740,8000,3,9,1,Y,
C7402,C740,8000,3,9,2,Y,
C741,C741,8000,3,9,9,Y,
C7410,C741,8000,3,9,9,Y,
C7411,C741,8000,3,9,1,Y,
C7412,C741,8000,3,9,2,Y,
C749,C749,8000,3,9,9,Y,
C7490,C749,8000,3,9,9,Y,
C7491,C749,8000,3,9,1,Y,
C7492,C749,8000,3,9,2,Y,
C75,C759,8000,3,9,0,Y,
C750,C750,8000,3,9,0,Y,
C751,C751,8000,3,9,0,Y,
C752,C752,8000,3,9,0,Y,
C753,C753,8000,3,9,0,Y,
C754,C754,8000,3,9,9,Y,
C755,C755,8000,3,9,0,Y,
C758,C758,8000,3,9,0,Y,
C759,C759,8000,3,9,0,Y,
C76,C769,8000,3,9,0,Y,
C760,C760,8000,3,9,0,Y,
C761,C761,8000,3,9,0,Y,
C762,C762,8000,3,9,0,Y,
C763,C763,8000,3,9,0,Y,
C764,C764,8000,3,9,0,Y,
C7640,C764,8000,3,9,0,Y,
C7641,C764,8000,3,9,0,Y,
C7642,C764,8000,3,9,0,Y,
C765,C765,8000,3,9,0,Y,
C7650,C765,8000,3,9,0,Y,
C7651,C765,8000,3,9,0,Y,
C7652,C765,8000,3,9,0,Y,
C768,C768,8000,3,9,0,Y,
C77,C809,8000,3,9,0,Y,
C770,C809,8000,3,9,0,Y,
C771,C809,8000,3,9,0,Y,
C772,C809,8000,3,9,0,Y,
C773,C809,8000,3,9,0,Y,
C774,C809,8000,3,9,0,Y,
C775,C809,8000,3,9,0,Y,
C778,C809,8000,3,9,0,Y,
C779,C809,8000,3,9,0,Y,
C78,C809,8000,3,9,0,Y,
C780,C809,8000,3,9,0,Y,
C7800,C809,8000,3,9,0,Y,
C7801,C809,8000,3,9,0,Y,
C7802,C809,8000,3,9,0,Y,
C781,C809,8000,3,9,0,Y,
C782,C809,8000,3,9,0,Y,
C783,C809,8000,3,9,0,Y,
C7830,C809,8000,3,9,0,Y,
C7839,C809,8000,3,9,0,Y,
C784,C809,8000,3,9,0,Y,
C785,C809,8000,3,9,0,Y,
C786,C809,8000,3,9,0,Y,
C787,C809,8000,3,9,0,Y,
C788,C809,8000,3,9,0,Y,
C7880,C809,8000,3,9,0,Y,
C7889,C809,8000,3,9,0,Y,
C79,C809,8000,3,9,0,Y,
C790,C809,8000,3,9,0,Y,
C7900,C809,8000,3,9,0,Y,
C7901,C809,8000,3,9,0,Y,
C7902,C809,8000,3,9,0,Y,
C791,C809,8000,3,9,0,Y,
C7910,C809,8000,3,9,0,Y,
C7911,C809,8000,3,9,0,Y,
C7919,C809,8000,3,9,0,Y,
C792,C809,8000,3,9,0,Y,
C793,C809,8000,3,9,0,Y,
C7931,C809,8000,3,9,0,Y,
C7932,C809,8000,3,9,0,Y,
C794,C809,8000,3,9,0,Y,
C7940,C809,8000,3,9,0,Y,
C7949,C809,8000,3,9,0,Y,
C795,C809,8000,3,9,0,Y,
C7951,C809,8000,3,9,0,Y,
C7952,C809,8000,3,9,0,Y,
C796,C809,8000,3,9,0,Y,
C7960,C809,8000,3,9,0,Y,
C7961,C809,8000,3,9,0,Y,
C7962,C809,8000,3,9,0,Y,
C797,C809,8000,3,9,0,Y,
C7970,C809,8000,3,9,0,Y,
C7971,C809,8000,3,9,0,Y,
C7972,C809,8000,3,9,0,Y,
C798,C809,8000,3,9,0,Y,
C7981,C809,8000,3,9,0,Y,
C7982,C809,8000,3,9,0,Y,
C7989,C809,8000,3,9,0,Y,
C799,C809,8000,3,9,0,Y,
C7A,C809,8246,3,9,0,Y,
C7A0,C809,8240,3,9,0,Y,
C7A00,C809,8240,3,9,0,Y,
C7A01,C179,8240,3,9,0,Y,
C7A010,C170,8240,3,9,0,Y,
C7A011,C171,8240,3,9,0,Y,
C7A012,C172,8240,3,9,0,Y,
C7A019,C179,8240,3,9,0,Y,
C7A02,C189,8240,3,9,0,Y,
C7A020,C181,8240,3,9,0,Y,
C7A021,C180,8240,3,9,0,Y,
C7A022,C182,8240,3,9,0,Y,
C7A023,C184,8240,3,9,0,Y,
C7A024,C186,8240,3,9,0,Y,
C7A025,C187,8240,3,9,0,Y,
C7A026,C209,8240,3,9,0,Y,
C7A029,C189,8240,3,9,0,Y,
C7A09,C809,8240,3,9,0,Y,
C7A090,C349,8240,3,9,9,Y,
C7A091,C379,8240,3,9,0,Y,
C7A092,C169,8240,3,9,0,Y,
C7A093,C649,8240,3,9,9,Y,
C7A094,C269,8240,3,9,0,Y,
C7A095,C269,8240,3,9,0,Y,
C7A096,C269,8240,3,9,0,Y,
C7A098,C809,8240,3,9,0,Y,
C7A1,C809,8246,3,3,0,Y,
C7A8,C809,8246,3,9,0,Y,
C7B,C809,8246,3,9,0,Y,
C7B0,C809,8240,3,9,0,Y,
C7B00,C809,8240,3,9,0,Y,
C7B01,C809,8240,3,9,0,Y,
C7B02,C809,8240,3,9,0,Y,
C7B03,C809,8240,3,9,0,Y,
C7B04,C809,8240,3,9,0,Y,
C7B09,C809,8240,3,9,0,Y,
C7B1,C809,8247,3,9,0,Y,
C7B8,C809,8246,3,9,0,Y,
C80,C809,8000,3,9,0,Y,
C800,C809,8000,3,9,0,Y,
C801,C809,8000,3,9,0,Y,
C802,C809,8000,3,9,0,Y,
C81,C779,9650,3,9,0,Y,
C810,C779,9659,3,9,0,Y,
C8100,C779,9659,3,9,0,Y,
C8101,C770,9659,3,9,0,Y,
C8102,C771,9659,3,9,0,Y,
C8103,C772,9659,3,9,0,Y,
C8104,C773,9659,3,9,0,Y,
C8105,C774,9659,3,9,0,Y,
C8106,C775,9659,3,9,0,Y,
C8107,C779,9659,3,9,0,Y,
C8108,C778,9659,3,9,0,Y,
C8109,C779,9659,3,9,0,Y,
C811,C779,9663,3,9,0,Y,
C8110,C779,9663,3,9,0,Y,
C8111,C770,9663,3,9,0,Y,
C8112,C771,9663,3,9,0,Y,
C8113,C772,9663,3,9,0,Y,
C8114,C773,9663,3,9,0,Y,
C8115,C774,9663,3,9,0,Y,
C8116,C775,9663,3,9,0,Y,
C8117,C779,9663,3,9,0,Y,
C8118,C778,9663,3,9,0,Y,
C8119,C779,9663,3,9,0,Y,
C812,C779,9652,3,9,0,Y,
C8120,C779,9652,3,9,0,Y,
C8121,C770,9652,3,9,0,Y,
C8122,C771,9652,3,9,0,Y,
C8123,C772,9652,3,9,0,Y,
C8124,C773,9652,3,9,0,Y,
C8125,C774,9652,3,9,0,Y,
C8126,C775,9652,3,9,0,Y,
C8127,C779,9652,3,9,0,Y,
C8128,C778,9652,3,9,0,Y,
C8129,C779,9652,3,9,0,Y,
C813,C779,9653,3,9,0,Y,
C8130,C779,9653,3,9,0,Y,
C8131,C770,9653,3,9,0,Y,
C8132,C771,9653,3,9,0,Y,
C8133,C772,9653,3,9,0,Y,
C8134,C773,9653,3,9,0,Y,
C8135,C774,9653,3,9,0,Y,
C8136,C775,9653,3,9,0,Y,
C8137,C779,9653,3,9,0,Y,
C8138,C778,9653,3,9,0,Y,
C8139,C779,9653,3,9,0,Y,
C814,C779,9651,3,9,0,Y,
C8140,C779,9651,3,9,0,Y,
C8141,C770,9651,3,9,0,Y,
C8142,C771,9651,3,9,0,Y,
C8143,C772,9651,3,9,0,Y,
C8144,C773,9651,3,9,0,Y,
C8145,C774,9651,3,9,0,Y,
C8146,C775,9651,3,9,0,Y,
C8147,C779,9651,3,9,0,Y,
C8148,C778,9651,3,9,0,Y,
C8149,C779,9651,3,9,0,Y,
C817,C779,9650,3,9,0,Y,
C8170,C779,9650,3,9,0,Y,
C8171,C770,9650,3,9,0,Y,
C8172,C771,9650,3,9,0,Y,
C8173,C772,9650,3,9,0,Y,
C8174,C773,9650,3,9,0,Y,
C8175,C774,9650,3,9,0,Y,
C8176,C775,9650,3,9,0,Y,
C8177,C779,9650,3,9,0,Y,
C8178,C778,9650,3,9,0,Y,
C8179,C779,9650,3,9,0,Y,
C819,C779,9650,3,9,0,Y,
C8190,C779,9650,3,9,0,Y,
C8191,C770,9650,3,9,0,Y,
C8192,C771,9650,3,9,0,Y,
C8193,C772,9650,3,9,0,Y,
C8194,C773,9650,3,9,0,Y,
C8195,C774,9650,3,9,0,Y,
C8196,C775,9650,3,9,0,Y,
C8197,C779,9650,3,9,0,Y,
C8198,C778,9650,3,9,0,Y,
C8199,C779,9650,3,9,0,Y,
C82,C779,9690,3,6,0,Y,
C820,C779,9695,3,6,0,Y,
C8200,C779,9695,3,6,0,Y,
C8201,C770,9695,3,6,0,Y,
C8202,C771,9695,3,6,0,Y,
C8203,C772,9695,3,6,0,Y,
C8204,C773,9695,3,6,0,Y,
C8205,C774,9695,3,6,0,Y,
C8206,C775,9695,3,6,0,Y,
C8207,C422,9695,3,6,0,Y,
C8208,C778,9695,3,6,0,Y,
C8209,C809,9695,3,6,0,Y,
C821,C779,9691,3,6,0,Y,
C8210,C779,9691,3,6,0,Y,
C8211,C770,9691,3,6,0,Y,
C8212,C771,9691,3,6,0,Y,
C8213,C772,9691,3,6,0,Y,
C8214,C773,9691,3,6,0,Y,
C8215,C774,9691,3,6,0,Y,
C8216,C775,9691,3,6,0,Y,
C8217,C422,9691,3,6,0,Y,
C8218,C778,9691,3,6,0,Y,
C8219,C809,9691,3,6,0,Y,
C822,C779,9698,3,6,0,Y,
C8220,C779,9698,3,6,0,Y,
C8221,C770,9698,3,6,0,Y,
C8222,C771,9698,3,6,0,Y,
C8223,C772,9698,3,6,0,Y,
C8224,C773,9698,3,6,0,Y,
C8225,C774,9698,3,6,0,Y,
C8226,C775,9698,3,6,0,Y,
C8227,C422,9698,3,6,0,Y,
C8228,C778,9698,3,6,0,Y,
C8229,C809,9698,3,6,0,Y,
C823,C779,9698,3,6,0,Y,
C8230,C779,9698,3,6,0,Y,
C8231,C770,9698,3,6,0,Y,
C8232,C771,9698,3,6,0,Y,
C8233,C772,9698,3,6,0,Y,
C8234,C773,9698,3,6,0,Y,
C8235,C774,9698,3,6,0,Y,
C8236,C775,9698,3,6,0,Y,
C8237,C422,9698,3,6,0,Y,
C8238,C778,9698,3,6,0,Y,
C8239,C809,9698,3,6,0,Y,
C824,C779,9698,3,6,0,Y,
C8240,C779,9698,3,6,0,Y,
C8241,C770,9698,3,6,0,Y,
C8242,C771,9698,3,6,0,Y,
C8243,C772,9698,3,6,0,Y,
C8244,C773,9698,3,6,0,Y,
C8245,C774,9698,3,6,0,Y,
C8246,C775,9698,3,6,0,Y,
C8247,C422,9698,3,6,0,Y,
C8248,C778,9698,3,6,0,Y,
C8249,C809,9698,3,6,0,Y,
C825,C779,9690,3,6,0,Y,
C8250,C779,9690,3,6,0,Y,
C8251,C770,9690,3,6,0,Y,
C8252,C771,9690,3,6,0,Y,
C8253,C772,9690,3,6,0,Y,
C8254,C773,9690,3,6,0,Y,
C8255,C774,9690,3,6,0,Y,
C8256,C775,9690,3,6,0,Y,
C8257,C422,9690,3,6,0,Y,
C8258,C778,9690,3,6,0,Y,
C8259,C809,9690,3,6,0,Y,
C826,C449,9597,3,6,0,Y,
C8260,C449,9597,3,6,0,Y,
C8261,C449,9597,3,6,0,Y,
C8262,C449,9597,3,6,0,Y,
C8263,C449,9597,3,6,0,Y,
C8264,C449,9597,3,6,0,Y,
C8265,C449,9597,3,6,0,Y,
C8266,C449,9597,3,6,0,Y,
C8267,C449,9597,3,6,0,Y,
C8268,C449,9597,3,6,0,Y,
C8269,C449,9597,3,6,0,Y,
C828,C779,9690,3,6,0,Y,
C8280,C779,9690,3,6,0,Y,
C8281,C770,9690,3,6,0,Y,
C8282,C771,9690,3,6,0,Y,
C8283,C772,9690,3,6,0,Y,
C8284,C773,9690,3,6,0,Y,
C8285,C774,9690,3,6,0,Y,
C8286,C775,9690,3,6,0,Y,
C8287,C422,9690,3,6,0,Y,
C8288,C778,9690,3,6,0,Y,
C8289,C809,9690,3,6,0,Y,
C829,C779,9690,3,6,0,Y,
C8290,C779,9690,3,6,0,Y,
C8291,C770,9690,3,6,0,Y,
C8292,C771,9690,3,6,0,Y,
C8293,C772,9690,3,6,0,Y,
C8294,C773,9690,3,6,0,Y,
C8295,C774,9690,3,6,0,Y,
C8296,C775,9690,3,6,0,Y,
C8297,C422,9690,3,6,0,Y,
C8298,C778,9690,3,6,0,Y,
C8299,C809,9690,3,6,0,Y,
C83,C779,9591,3,6,0,Y,
C830,C779,9823,3,6,0,Y,
C8300,C779,9823,3,6,0,Y,
C8301,C770,9823,3,6,0,Y,
C8302,C771,9823,3,6,0,Y,
C8303,C772,9823,3,6,0,Y,
C8304,C773,9823,3,6,0,Y,
C8305,C774,9823,3,6,0,Y,
C8306,C775,9823,3,6,0,Y,
C8307,C779,9823,3,6,0,Y,
C8308,C778,9823,3,6,0,Y,
C8309,C779,9823,3,6,0,Y,
C831,C779,9673,3,6,0,Y,
C8310,C779,9673,3,6,0,Y,
C8311,C770,9673,3,6,0,Y,
C8312,C771,9673,3,6,0,Y,
C8313,C772,9673,3,6,0,Y,
C8314,C773,9673,3,6,0,Y,
C8315,C774,9673,3,6,0,Y,
C8316,C775,9673,3,6,0,Y,
C8317,C422,9673,3,6,0,Y,
C8318,C778,9673,3,6,0,Y,
C8319,C809,9673,3,6,0,Y,
C833,C779,9680,3,6,0,Y,
C8330,C779,9680,3,6,0,Y,
C8331,C770,9680,3,6,0,Y,
C8332,C771,9680,3,6,0,Y,
C8333,C772,9680,3,6,0,Y,
C8334,C773,9680,3,6,0,Y,
C8335,C774,9680,3,6,0,Y,
C8336,C775,9680,3,6,0,Y,
C8337,C422,9680,3,6,0,Y,
C8338,C778,9680,3,6,0,Y,
C8339,C809,9680,3,6,0,Y,
C835,C779,9811,3,6,0,Y,
C8350,C779,9811,3,6,0,Y,
C8351,C770,9811,3,6,0,Y,
C8352,C771,9811,3,6,0,Y,
C8353,C772,9811,3,6,0,Y,
C8354,C773,9811,3,6,0,Y,
C8355,C774,9811,3,6,0,Y,
C8356,C775,9811,3,6,0,Y,
C8357,C422,9811,3,6,0,Y,
C8358,C778,9811,3,6,0,Y,
C8359,C779,9811,3,6,0,Y,
C837,C779,9687,3,6,0,Y,
C8370,C779,9687,3,6,0,Y,
C8371,C770,9687,3,6,0,Y,
C8372,C771,9687,3,6,0,Y,
C8373,C772,9687,3,6,0,Y,
C8374,C773,9687,3,6,0,Y,
C8375,C774,9687,3,6,0,Y,
C8376,C775,9687,3,6,0,Y,
C8377,C422,9687,3,6,0,Y,
C8378,C778,9687,3,6,0,Y,
C8379,C809,9687,3,6,0,Y,
C838,C779,9591,3,6,0,Y,
C8380,C779,9591,3,6,0,Y,
C8381,C770,9591,3,6,0,Y,
C8382,C771,9591,3,6,0,Y,
C8383,C772,9591,3,6,0,Y,
C8384,C773,9591,3,6,0,Y,
C8385,C774,9591,3,6,0,Y,
C8386,C775,9591,3,6,0,Y,
C8387,C422,9591,3,6,0,Y,
C8388,C778,9591,3,6,0,Y,
C8389,C809,9591,3,6,0,Y,
C839,C779,9591,3,6,0,Y,
C8390,C779,9591,3,6,0,Y,
C8391,C770,9591,3,6,0,Y,
C8392,C771,9591,3,6,0,Y,
C8393,C772,9591,3,6,0,Y,
C8394,C773,9591,3,6,0,Y,
C8395,C774,9591,3,6,0,Y,
C8396,C775,9591,3,6,0,Y,
C8397,C422,9591,3,6,0,Y,
C8398,C778,9591,3,6,0,Y,
C8399,C809,9591,3,6,0,Y,
C84,C300,9719,3,8,0,Y,
C840,C449,9700,3,5,0,Y,
C8400,C449,9700,3,5,0,Y,
C8401,C449,9700,3,5,0,Y,
C8402,C449,9700,3,5,0,Y,
C8403,C449,9700,3,5,0,Y,
C8404,C449,9700,3,5,0,Y,
C8405,C449,9700,3,5,0,Y,
C8406,C449,9700,3,5,0,Y,
C8407,C449,9700,3,5,0,Y,
C8408,C449,9700,3,5,0,Y,
C8409,C449,9700,3,5,0,Y,
C841,C449,9701,3,5,0,Y,
C8410,C449,9701,3,5,0,Y,
C8411,C449,9701,3,5,0,Y,
C8412,C449,9701,3,5,0,Y,
C8413,C449,9701,3,5,0,Y,
C8414,C449,9701,3,5,0,Y,
C8415,C449,9701,3,5,0,Y,
C8416,C449,9701,3,5,0,Y,
C8417,C449,9701,3,5,0,Y,
C8418,C449,9701,3,5,0,Y,
C8419,C449,9701,3,5,0,Y,
C844,C779,9703,3,5,0,Y,
C8440,C779,9702,3,5,0,Y,
C8441,C770,9702,3,5,0,Y,
C8442,C771,9702,3,5,0,Y,
C8443,C772,9702,3,5,0,Y,
C8444,C773,9702,3,5,0,Y,
C8445,C774,9702,3,5,0,Y,
C8446,C775,9702,3,5,0,Y,
C8447,C422,9702,3,5,0,Y,
C8448,C778,9702,3,5,0,Y,
C8449,C809,9702,3,5,0,Y,
C846,C779,9714,3,5,0,Y,
C8460,C779,9714,3,5,0,Y,
C8461,C770,9714,3,5,0,Y,
C8462,C771,9714,3,5,0,Y,
C8463,C772,9714,3,5,0,Y,
C8464,C773,9714,3,5,0,Y,
C8465,C774,9714,3,5,0,Y,
C8466,C775,9714,3,5,0,Y,
C8467,C422,9714,3,5,0,Y,
C8468,C778,9714,3,5,0,Y,
C8469,C809,9714,3,5,0,Y,
C847,C779,9702,3,5,0,Y,
C8470,C779,9702,3,5,0,Y,
C8471,C770,9702,3,5,0,Y,
C8472,C771,9702,3,5,0,Y,
C8473,C772,9702,3,5,0,Y,
C8474,C773,9702,3,5,0,Y,
C8475,C774,9702,3,5,0,Y,
C8476,C775,9702,3,5,0,Y,
C8477,C422,9702,3,5,0,Y,
C8478,C778,9702,3,5,0,Y,
C8479,C809,9702,3,5,0,Y,
C849,C300,9719,3,8,0,Y,
C8490,C300,9719,3,8,0,Y,
C8491,C300,9719,3,8,0,Y,
C8492,C300,9719,3,8,0,Y,
C8493,C300,9719,3,8,0,Y,
C8494,C300,9719,3,8,0,Y,
C8495,C300,9719,3,8,0,Y,
C8496,C300,9719,3,8,0,Y,
C8497,C422,9719,3,8,0,Y,
C8498,C300,9719,3,8,0,Y,
C8499,C300,9719,3,8,0,Y,
C84A,C449,9709,3,5,0,Y,
C84A0,C449,9709,3,5,0,Y,
C84A1,C449,9709,3,5,0,Y,
C84A2,C449,9709,3,5,0,Y,
C84A3,C449,9709,3,5,0,Y,
C84A4,C449,9709,3,5,0,Y,
C84A5,C449,9709,3,5,0,Y,
C84A6,C449,9709,3,5,0,Y,
C84A7,C449,9709,3,5,0,Y,
C84A8,C449,9709,3,5,0,Y,
C84A9,C449,9709,3,5,0,Y,
C84Z,C300,9719,3,8,0,Y,
C84Z0,C300,9719,3,8,0,Y,
C84Z1,C300,9719,3,8,0,Y,
C84Z2,C300,9719,3,8,0,Y,
C84Z3,C300,9719,3,8,0,Y,
C84Z4,C300,9719,3,8,0,Y,
C84Z5,C300,9719,3,8,0,Y,
C84Z6,C300,9719,3,8,0,Y,
C84Z7,C422,9719,3,8,0,Y,
C84Z8,C300,9719,3,8,0,Y,
C84Z9,C300,9719,3,8,0,Y,
C85,C779,9591,3,6,0,Y,
C851,C779,9591,3,6,0,Y,
C8510,C779,9591,3,6,0,Y,
C8511,C770,9591,3,6,0,Y,
C8512,C771,9591,3,6,0,Y,
C8513,C772,9591,3,6,0,Y,
C8514,C773,9591,3,6,0,Y,
C8515,C774,9591,3,6,0,Y,
C8516,C775,9591,3,6,0,Y,
C8517,C422,9591,3,6,0,Y,
C8518,C778,9591,3,6,0,Y,
C8519,C809,9591,3,6,0,Y,
C852,C379,9679,3,6,0,Y,
C8520,C379,9679,3,6,0,Y,
C8521,C770,9679,3,6,0,Y,
C8522,C771,9679,3,6,0,Y,
C8523,C772,9679,3,6,0,Y,
C8524,C773,9679,3,6,0,Y,
C8525,C774,9679,3,6,0,Y,
C8526,C775,9679,3,6,0,Y,
C8527,C422,9679,3,6,0,Y,
C8528,C778,9679,3,6,0,Y,
C8529,C379,9679,3,6,0,Y,
C858,C779,9591,3,6,0,Y,
C8580,C779,9591,3,6,0,Y,
C8581,C770,9591,3,6,0,Y,
C8582,C771,9591,3,6,0,Y,
C8583,C772,9591,3,6,0,Y,
C8584,C773,9591,3,6,0,Y,
C8585,C774,9591,3,6,0,Y,
C8586,C775,9591,3,6,0,Y,
C8587,C422,9591,3,6,0,Y,
C8588,C778,9591,3,6,0,Y,
C8589,C809,9591,3,6,0,Y,
C859,C779,9591,3,6,0,Y,
C8590,C779,9591,3,6,0,Y,
C8591,C770,9591,3,6,0,Y,
C8592,C771,9591,3,6,0,Y,
C8593,C772,9591,3,6,0,Y,
C8594,C773,9591,3,6,0,Y,
C8595,C774,9591,3,6,0,Y,
C8596,C775,9591,3,6,0,Y,
C8597,C422,9591,3,6,0,Y,
C8598,C778,9591,3,6,0,Y,
C8599,C809,9591,3,6,0,Y,
C86,C809,9719,3,8,0,Y,
C860,C809,9719,3,8,0,Y,
C861,C809,9716,3,5,0,Y,
C862,C809,9717,3,5,0,Y,
C863,C809,9708,3,5,0,Y,
C864,C809,9719,3,8,0,Y,
C865,C809,9705,3,5,0,Y,
C866,C449,9718,3,5,0,Y,
C88,C809,9591,3,6,0,Y,
C880,C420,9761,3,6,0,Y,
C882,C779,9762,3,6,0,Y,
C883,C779,9762,3,6,0,Y,
C884,C809,9699,3,6,0,Y,
C888,C809,9591,3,6,0,Y,
C889,C809,9591,3,6,0,Y,
C90,C421,9732,3,6,0,Y,
C900,C421,9732,3,6,0,Y,
C9000,C421,9732,3,6,0,Y,
C9002,C421,9732,3,6,0,Y,
C901,C421,9732,3,6,0,Y,
C9010,C421,9732,3,6,0,Y,
C9012,C421,9732,3,6,0,Y,
C902,C809,9734,3,6,0,Y,
C9020,C809,9734,3,6,0,Y,
C9022,C809,9734,3,6,0,Y,
C903,C419,9731,3,6,0,Y,
C9030,C419,9731,3,6,0,Y,
C9032,C419,9731,3,6,0,Y,
C91,C421,9820,3,9,0,Y,
C910,C421,9811,3,6,0,Y,
C9100,C421,9811,3,6,0,Y,
C9102,C421,9811,3,6,0,Y,
C911,C421,9823,3,6,0,Y,
C9110,C421,9823,3,6,0,Y,
C9112,C421,9823,3,6,0,Y,
C913,C421,9832,3,6,0,Y,
C9130,C421,9832,3,6,0,Y,
C9132,C421,9832,3,6,0,Y,
C914,C421,9940,3,6,0,Y,
C9140,C421,9940,3,6,0,Y,
C9142,C421,9940,3,6,0,Y,
C915,C421,9827,3,5,0,Y,
C9150,C421,9827,3,5,0,Y,
C9152,C421,9827,3,5,0,Y,
C916,C421,9834,3,5,0,Y,
C9160,C421,9834,3,5,0,Y,
C9162,C421,9834,3,5,0,Y,
C919,C421,9820,3,9,0,Y,
C9190,C421,9820,3,9,0,Y,
C9192,C421,9820,3,9,0,Y,
C91A,C421,9826,3,6,0,Y,
C91A0,C421,9826,3,6,0,Y,
C91A2,C421,9826,3,6,0,Y,
C91Z,C421,9820,3,6,0,Y,
C91Z0,C421,9820,3,6,0,Y,
C91Z2,C421,9820,3,6,0,Y,
C92,C421,9860,3,9,0,Y,
C920,C421,9872,3,9,0,Y,
C9200,C421,9872,3,9,0,Y,
C9202,C421,9872,3,9,0,Y,
C921,C421,9875,3,9,0,Y,
C9210,C421,9875,3,9,0,Y,
C9212,C421,9875,3,9,0,Y,
C922,C421,9876,3,9,0,Y,
C9220,C421,9876,3,9,0,Y,
C9222,C421,9876,3,9,0,Y,
C923,C499,9930,3,9,0,Y,
C9230,C499,9930,3,9,0,Y,
C9232,C499,9930,3,9,0,Y,
C924,C421,9866,3,9,0,Y,
C9240,C421,9866,3,9,0,Y,
C9242,C421,9866,3,9,0,Y,
C925,C421,9867,3,9,0,Y,
C9250,C421,9867,3,9,0,Y,
C9252,C421,9867,3,9,0,Y,
C926,C421,9897,3,9,0,Y,
C9260,C421,9897,3,9,0,Y,
C9262,C421,9897,3,9,0,Y,
C929,C421,9860,3,9,0,Y,
C9290,C421,9860,3,9,0,Y,
C9292,C421,9860,3,9,0,Y,
C92A,C421,9895,3,9,0,Y,
C92A0,C421,9895,3,9,0,Y,
C92A2,C421,9895,3,9,0,Y,
C92Z,C421,9860,3,9,0,Y,
C92Z0,C421,9860,3,9,0,Y,
C92Z2,C421,9860,3,9,0,Y,
C93,C421,9860,3,9,0,Y,
C930,C421,9891,3,9,0,Y,
C9300,C421,9891,3,9,0,Y,
C9302,C421,9891,3,9,0,Y,
C931,C421,9945,3,9,0,Y,
C9310,C421,9945,3,9,0,Y,
C9312,C421,9945,3,9,0,Y,
C933,C421,9946,3,9,0,Y,
C9330,C421,9946,3,9,0,Y,
C9332,C421,9946,3,9,0,Y,
C939,C421,9860,3,9,0,Y,
C9390,C421,9860,3,9,0,Y,
C9392,C421,9860,3,9,0,Y,
C93Z,C421,9860,3,9,0,Y,
C93Z0,C421,9860,3,9,0,Y,
C93Z2,C421,9860,3,9,0,Y,
C94,C421,9800,3,9,0,Y,
C940,C421,9840,3,9,0,Y,
C9400,C421,9840,3,9,0,Y,
C9402,C421,9840,3,9,0,Y,
C942,C421,9910,3,9,0,Y,
C9420,C421,9910,3,9,0,Y,
C9422,C421,9910,3,9,0,Y,
C943,C421,9742,3,9,0,Y,
C9430,C421,9742,3,9,0,Y,
C9432,C421,9742,3,9,0,Y,
C944,C421,9931,3,9,0,Y,
C9440,C421,9931,3,9,0,Y,
C9442,C421,9931,3,9,0,Y,
C946,C421,9989,3,9,0,Y,
C948,C421,9800,3,9,0,Y,
C9480,C421,9800,3,9,0,Y,
C9482,C421,9800,3,9,0,Y,
C95,C421,9800,3,9,0,Y,
C950,C421,9801,3,9,0,Y,
C9500,C421,9801,3,9,0,Y,
C9502,C421,9801,3,9,0,Y,
C951,C421,9800,3,9,0,Y,
C9510,C421,9800,3,9,0,Y,
C9512,C421,9800,3,9,0,Y,
C959,C421,9800,3,9,0,Y,
C9590,C421,9800,3,9,0,Y,
C9592,C421,9800,3,9,0,Y,
C96,C421,9800,3,9,0,Y,
C960,C421,9751,3,9,0,Y,
C962,C421,9740,3,9,0,Y,
C964,C421,9758,3,9,0,Y,
C965,C421,9751,3,9,0,Y,
C966,C421,9751,3,9,0,Y,
C969,C421,9800,3,9,0,Y,
C96A,C779,9755,3,9,0,Y,
C96Z,C421,9800,3,9,0,Y,
D00,C809,8000,2,9,0,Y,
D000,C148,8000,2,9,0,Y,
D0000,C069,8000,2,9,0,Y,
D0001,C009,8000,2,9,0,Y,
D0002,C069,8000,2,9,0,Y,
D0003,C069,8000,2,9,0,Y,
D0004,C051,8000,2,9,0,Y,
D0005,C050,8000,2,9,0,Y,
D0006,C049,8000,2,9,0,Y,
D0007,C029,8000,2,9,0,Y,
D0008,C140,8000,2,9,0,Y,
D001,C159,8000,2,9,0,Y,
D002,C169,8000,2,9,0,Y,
D01,C269,8000,2,9,0,Y,
D010,C189,8000,2,9,0,Y,
D011,C199,8000,2,9,0,Y,
D012,C209,8000,2,9,0,Y,
D013,C218,8000,2,9,0,Y,
D014,C269,8000,2,9,0,Y,
D0140,C269,8000,2,9,0,Y,
D0149,C189,8000,2,9,0,Y,
D015,C249,8000,2,9,0,Y,
D017,C269,8000,2,9,0,Y,
D019,C269,8000,2,9,0,Y,
D02,C399,8000,2,9,0,Y,
D020,C329,8000,2,9,0,Y,
D021,C339,8000,2,9,0,Y,
D022,C349,8000,2,9,9,Y,
D0220,C349,8000,2,9,9,Y,
D0221,C349,8000,2,9,1,Y,
D0222,C349,8000,2,9,2,Y,
D023,C399,8000,2,9,0,Y,
D024,C399,8000,2,9,0,Y,
D03,C449,8720,2,9,0,Y,
D030,C440,8720,2,9,0,Y,
D031,C441,8720,2,9,9,Y,
D0310,C441,8720,2,9,9,Y,
D0311,C441,8720,2,9,1,Y,
D0312,C441,8720,2,9,2,Y,
D032,C442,8720,2,9,9,Y,
D0320,C442,8720,2,9,9,Y,
D0321,C442,8720,2,9,1,Y,
D0322,C442,8720,2,9,2,Y,
D033,C443,8720,2,9,9,Y,
D0330,C443,8720,2,9,9,Y,
D0339,C443,8720,2,9,9,Y,
D034,C444,8720,2,9,0,Y,
D035,C445,8720,2,9,9,Y,
D0351,C445,8720,2,9,9,Y,
D0352,C445,8720,2,9,9,Y,
D0359,C445,8720,2,9,9,Y,
D036,C446,8720,2,9,9,Y,
D0360,C446,8720,2,9,9,Y,
D0361,C446,8720,2,9,1,Y,
D0362,C446,8720,2,9,2,Y,
D037,C447,8720,2,9,9,Y,
D0370,C447,8720,2,9,9,Y,
D0371,C447,8720,2,9,1,Y,
D0372,C447,8720,2,9,2,Y,
D038,C449,8720,2,9,0,Y,
D039,C449,8720,2,9,0,Y,
D04,C449,8000,2,9,0,O,
D040,C440,8000,2,9,0,O,
D0410,C441,8000,2,9,9,O,
D0411,C441,8000,2,9,1,O,
D0412,C441,8000,2,9,2,O,
D0420,C442,8000,2,9,9,O,
D0421,C442,8000,2,9,1,O,
D0422,C442,8000,2,9,2,O,
D0430,C443,8000,2,9,0,O,
D0439,C443,8000,2,9,0,O,
D044,C444,8000,2,9,0,O,
D045,C445,8000,2,9,9,O,
D0460,C446,8000,2,9,9,O,
D0461,C446,8000,2,9,1,O,
D0462,C446,8000,2,9,2,O,
D0470,C447,8000,2,9,9,O,
D0471,C447,8000,2,9,1,O,
D0472,C447,8000,2,9,2,O,
D048,C449,8000,2,9,0,O,
D049,C449,8000,2,9,0,O,
D05,C509,8010,2,9,9,Y,
D050,C509,8520,2,9,9,Y,
D0500,C509,8520,2,9,9,Y,
D0501,C509,8520,2,9,1,Y,
D0502,C509,8520,2,9,2,Y,
D051,C509,8500,2,9,9,Y,
D0510,C509,8500,2,9,9,Y,
D0511,C509,8500,2,9,1,Y,
D0512,C509,8500,2,9,2,Y,
D058,C509,8010,2,9,9,Y,
D0580,C509,8010,2,9,9,Y,
D0581,C509,8010,2,9,1,Y,
D0582,C509,8010,2,9,2,Y,
D059,C509,8010,2,9,9,Y,
D0590,C509,8010,2,9,9,Y,
D0591,C509,8010,2,9,1,Y,
D0592,C509,8010,2,9,2,Y,
D07,C579,8010,2,9,0,Y,
D070,C541,8010,2,9,0,Y,
D071,C519,8010,2,9,0,Y,
D072,C529,8010,2,9,0,Y,
D073,C579,8010,2,9,0,Y,
D0730,C579,8010,2,9,0,Y,
D0739,C579,8010,2,9,0,Y,
D074,C609,8010,2,9,0,Y,
D076,C639,8010,2,9,0,Y,
D0760,C639,8010,2,9,0,Y,
D0761,C632,8010,2,9,0,Y,
D0769,C639,8010,2,9,0,Y,
D09,C809,8010,2,9,0,Y,
D090,C679,8010,2,9,0,Y,
D091,C689,8010,2,9,0,Y,
D0910,C689,8010,2,9,0,Y,
D0919,C689,8010,2,9,0,Y,
D092,C699,8010,2,9,9,Y,
D0920,C699,8010,2,9,9,Y,
D0921,C699,8010,2,9,1,Y,
D0922,C699,8010,2,9,2,Y,
D093,C759,8010,2,9,0,Y,
D098,C809,8010,2,9,0,Y,
D099,C809,8010,2,9,0,Y,
D1802,C729,9120,0,9,0,O,
D32,C709,8000,0,9,0,Y,
D320,C700,8000,0,9,0,Y,
D321,C701,8000,0,9,9,Y,
D329,C709,9530,0,9,0,Y,
D33,C729,8000,0,9,0,Y,
D330,C710,8000,0,9,9,Y,
D331,C717,8000,0,9,0,Y,
D332,C719,8000,0,9,0,Y,
D333,C725,8000,0,9,0,Y,
D334,C720,8000,0,9,0,Y,
D337,C729,8000,0,9,0,Y,
D339,C729,8000,0,9,0,Y,
D352,C751,8000,0,9,0,Y,
D353,C752,8000,0,9,0,Y,
D354,C753,8000,0,9,0,Y,
D42,C709,8000,1,9,0,Y,
D420,C700,8000,1,9,9,Y,
D421,C701,8000,1,9,0,Y,
D429,C709,8000,1,9,0,Y,
D43,C729,8000,1,9,0,Y,
D430,C710,8000,1,9,9,Y,
D431,C717,8000,1,9,0,Y,
D432,C717,8000,1,9,0,Y,
D433,C725,8000,1,9,0,Y,
D434,C720,8000,1,9,0,Y,
D438,C729,8000,1,9,0,Y,
D439,C729,8000,1,9,0,Y,
D443,C751,8000,1,9,0,Y,
D444,C752,8000,1,9,0,Y,
D445,C753,8000,1,9,0,Y,
D45,C421,9950,3,9,0,Y,
D46,C421,9989,3,9,0,Y,
D460,C421,9982,3,9,0,Y,
D461,C421,9982,3,9,0,Y,
D462,C421,9983,3,9,0,Y,
D4620,C421,9982,3,9,0,Y,
D4621,C421,9982,3,9,0,Y,
D4622,C421,9982,3,9,0,Y,
D464,C421,9980,3,9,0,Y,
D469,C421,9989,3,9,0,Y,
D46A,C421,9985,3,9,0,Y,
D46B,C421,9985,3,9,0,Y,
D46C,C421,9986,3,9,0,Y,
D46Z,C421,9989,3,9,0,Y,
D471,C421,9975,3,9,0,Y,
D473,C421,9962,3,9,0,Y,
D474,C421,9961,3,9,0,Y,
D496,C729,8000,1,9,0,Y,
D497,C729,8000,1,9,0,Y,
J910,C809,8000,3,9,0,Y,
R180,C809,8000,3,9,0,Y,
Z510,C809,8000,3,9,0,Y,
Z511,C809,8000,3,9,0,Y,
Z5111,C809,8000,3,9,0,Y,
Z5112,C809,8000,3,9,0,Y,
C9001,C421,9732,3,6,0,Y,
C9011,C421,9732,3,6,0,Y,
C9021,C809,9734,3,6,0,Y,
C9031,C419,9731,3,6,0,Y,
C9101,C421,9811,3,6,0,Y,
C9111,C421,9823,3,6,0,Y,
C9131,C421,9832,3,6,0,Y,
C9141,C421,9940,3,6,0,Y,
C9151,C421,9827,3,5,0,Y,
C9161,C421,9834,3,5,0,Y,
C91A1,C421,9826,3,6,0,Y,
C91Z1,C421,9820,3,6,0,Y,
C9191,C421,9820,3,9,0,Y,
C9201,C421,9872,3,9,0,Y,
C9211,C421,9875,3,9,0,Y,
C9221,C421,9876,3,9,0,Y,
C9231,C499,9930,3,9,0,Y,
C9241,C421,9866,3,9,0,Y,
C9251,C421,9867,3,9,0,Y,
C9261,C421,9897,3,9,0,Y,
C92A1,C421,9895,3,9,0,Y,
C92Z1,C421,9860,3,9,0,Y,
C9291,C421,9860,3,9,0,Y,
C9301,C421,9891,3,9,0,Y,
C9311,C421,9945,3,9,0,Y,
C9331,C421,9946,3,9,0,Y,
C93Z1,C421,9860,3,9,0,Y,
C9391,C421,9860,3,9,0,Y,
C9401,C421,9840,3,9,0,Y,
C9421,C421,9910,3,9,0,Y,
C9431,C421,9742,3,9,0,Y,
C9441,C421,9931,3,9,0,Y,
C9481,C421,9800,3,9,0,Y,
C9501,C421,9801,3,9,0,Y,
C9511,C421,9800,3,9,0,Y,
C9591,C421,9800,3,9,0,Y,
D47Z,C779,9970,1,9,0,Y,
D47Z1,C779,9970,1,9,0,Y,
D47Z9,C779,9971,1,9,0,Y,
D479,C779,9970,1,9,0,Y,
