ICD-10-CODE,ICD-O-3-PRIMARY-SITE,HISTOLOGY,BEHAVIOR,GRADE,LATERALITY,REPORTABILITY,GENDER
C000,C000,8000,3,9,,,
C001,C001,8000,3,9,,,
C002,C002,8000,3,9,,,
C003,C003,8000,3,9,,,
C004,C004,8000,3,9,,,
C005,C005,8000,3,9,,,
C006,C006,8000,3,9,,,
C007,C007,8000,3,9,,,
C008,C008,8000,3,9,,,
C009,C009,8000,3,9,,,
C010,C010,8000,3,9,,,
C011,C011,8000,3,9,,,
C012,C012,8000,3,9,,,
C013,C013,8000,3,9,,,
C014,C014,8000,3,9,,,
C015,C015,8000,3,9,,,
C016,C016,8000,3,9,,,
C017,C017,8000,3,9,,,
C018,C018,8000,3,9,,,
C019,C019,8000,3,9,,,
C020,C020,8000,3,9,,,
C021,C021,8000,3,9,,,
C022,C022,8000,3,9,,,
C023,C023,8000,3,9,,,
C024,C024,8000,3,9,,,
C025,C025,8000,3,9,,,
C026,C026,8000,3,9,,,
C027,C027,8000,3,9,,,
C028,C028,8000,3,9,,,
C029,C029,8000,3,9,,,
C030,C030,8000,3,9,,,
C031,C031,8000,3,9,,,
C032,C032,8000,3,9,,,
C033,C033,8000,3,9,,,
C034,C034,8000,3,9,,,
C035,C035,8000,3,9,,,
C036,C036,8000,3,9,,,
C037,C037,8000,3,9,,,
C038,C038,8000,3,9,,,
C039,C039,8000,3,9,,,
C040,C040,8000,3,9,,,
C041,C041,8000,3,9,,,
C042,C042,8000,3,9,,,
C043,C043,8000,3,9,,,
C044,C044,8000,3,9,,,
C045,C045,8000,3,9,,,
C046,C046,8000,3,9,,,
C047,C047,8000,3,9,,,
C048,C048,8000,3,9,,,
C049,C049,8000,3,9,,,
C050,C050,8000,3,9,,,
C051,C051,8000,3,9,,,
C052,C052,8000,3,9,,,
C053,C053,8000,3,9,,,
C054,C054,8000,3,9,,,
C055,C055,8000,3,9,,,
C056,C056,8000,3,9,,,
C057,C057,8000,3,9,,,
C058,C058,8000,3,9,,,
C059,C059,8000,3,9,,,
C060,C060,8000,3,9,,,
C061,C061,8000,3,9,,,
C062,C062,8000,3,9,,,
C063,C063,8000,3,9,,,
C064,C064,8000,3,9,,,
C065,C065,8000,3,9,,,
C066,C066,8000,3,9,,,
C067,C067,8000,3,9,,,
C068,C068,8000,3,9,,,
C069,C069,8000,3,9,,,
C070,C070,8000,3,9,,,
C071,C071,8000,3,9,,,
C072,C072,8000,3,9,,,
C073,C073,8000,3,9,,,
C074,C074,8000,3,9,,,
C075,C075,8000,3,9,,,
C076,C076,8000,3,9,,,
C077,C077,8000,3,9,,,
C078,C078,8000,3,9,,,
C079,C079,8000,3,9,,,
C080,C080,8000,3,9,,,
C081,C081,8000,3,9,,,
C082,C082,8000,3,9,,,
C083,C083,8000,3,9,,,
C084,C084,8000,3,9,,,
C085,C085,8000,3,9,,,
C086,C086,8000,3,9,,,
C087,C087,8000,3,9,,,
C088,C088,8000,3,9,,,
C089,C089,8000,3,9,,,
C090,C090,8000,3,9,,,
C091,C091,8000,3,9,,,
C092,C092,8000,3,9,,,
C093,C093,8000,3,9,,,
C094,C094,8000,3,9,,,
C095,C095,8000,3,9,,,
C096,C096,8000,3,9,,,
C097,C097,8000,3,9,,,
C098,C098,8000,3,9,,,
C099,C099,8000,3,9,,,
C100,C100,8000,3,9,,,
C101,C101,8000,3,9,,,
C102,C102,8000,3,9,,,
C103,C103,8000,3,9,,,
C104,C104,8000,3,9,,,
C105,C105,8000,3,9,,,
C106,C106,8000,3,9,,,
C107,C107,8000,3,9,,,
C108,C108,8000,3,9,,,
C109,C109,8000,3,9,,,
C110,C110,8000,3,9,,,
C111,C111,8000,3,9,,,
C112,C112,8000,3,9,,,
C113,C113,8000,3,9,,,
C114,C114,8000,3,9,,,
C115,C115,8000,3,9,,,
C116,C116,8000,3,9,,,
C117,C117,8000,3,9,,,
C118,C118,8000,3,9,,,
C119,C119,8000,3,9,,,
C120,C120,8000,3,9,,,
C121,C121,8000,3,9,,,
C122,C122,8000,3,9,,,
C123,C123,8000,3,9,,,
C124,C124,8000,3,9,,,
C125,C125,8000,3,9,,,
C126,C126,8000,3,9,,,
C127,C127,8000,3,9,,,
C128,C128,8000,3,9,,,
C129,C129,8000,3,9,,,
C130,C130,8000,3,9,,,
C131,C131,8000,3,9,,,
C132,C132,8000,3,9,,,
C133,C133,8000,3,9,,,
C134,C134,8000,3,9,,,
C135,C135,8000,3,9,,,
C136,C136,8000,3,9,,,
C137,C137,8000,3,9,,,
C138,C138,8000,3,9,,,
C139,C139,8000,3,9,,,
C140,C140,8000,3,9,,,
C141,C141,8000,3,9,,,
C142,C142,8000,3,9,,,
C143,C143,8000,3,9,,,
C144,C144,8000,3,9,,,
C145,C145,8000,3,9,,,
C146,C146,8000,3,9,,,
C147,C147,8000,3,9,,,
C148,C148,8000,3,9,,,
C149,C149,8000,3,9,,,
C150,C150,8000,3,9,,,
C151,C151,8000,3,9,,,
C152,C152,8000,3,9,,,
C153,C153,8000,3,9,,,
C154,C154,8000,3,9,,,
C155,C155,8000,3,9,,,
C156,C156,8000,3,9,,,
C157,C157,8000,3,9,,,
C158,C158,8000,3,9,,,
C159,C159,8000,3,9,,,
C160,C160,8000,3,9,,,
C161,C161,8000,3,9,,,
C162,C162,8000,3,9,,,
C163,C163,8000,3,9,,,
C164,C164,8000,3,9,,,
C165,C165,8000,3,9,,,
C166,C166,8000,3,9,,,
C167,C167,8000,3,9,,,
C168,C168,8000,3,9,,,
C169,C169,8000,3,9,,,
C170,C170,8000,3,9,,,
C171,C171,8000,3,9,,,
C172,C172,8000,3,9,,,
C173,C173,8000,3,9,,,
C174,C174,8000,3,9,,,
C175,C175,8000,3,9,,,
C176,C176,8000,3,9,,,
C177,C177,8000,3,9,,,
C178,C178,8000,3,9,,,
C179,C179,8000,3,9,,,
C180,C180,8000,3,9,,,
C181,C181,8000,3,9,,,
C182,C182,8000,3,9,,,
C183,C183,8000,3,9,,,
C184,C184,8000,3,9,,,
C185,C185,8000,3,9,,,
C186,C186,8000,3,9,,,
C187,C187,8000,3,9,,,
C188,C188,8000,3,9,,,
C189,C189,8000,3,9,,,
C190,C190,8000,3,9,,,
C191,C191,8000,3,9,,,
C192,C192,8000,3,9,,,
C193,C193,8000,3,9,,,
C194,C194,8000,3,9,,,
C195,C195,8000,3,9,,,
C196,C196,8000,3,9,,,
C197,C197,8000,3,9,,,
C198,C198,8000,3,9,,,
C199,C199,8000,3,9,,,
C200,C200,8000,3,9,,,
C201,C201,8000,3,9,,,
C202,C202,8000,3,9,,,
C203,C203,8000,3,9,,,
C204,C204,8000,3,9,,,
C205,C205,8000,3,9,,,
C206,C206,8000,3,9,,,
C207,C207,8000,3,9,,,
C208,C208,8000,3,9,,,
C209,C209,8000,3,9,,,
C210,C210,8000,3,9,,,
C211,C211,8000,3,9,,,
C212,C212,8000,3,9,,,
C213,C213,8000,3,9,,,
C214,C214,8000,3,9,,,
C215,C215,8000,3,9,,,
C216,C216,8000,3,9,,,
C217,C217,8000,3,9,,,
C218,C218,8000,3,9,,,
C219,C219,8000,3,9,,,
C220,C220,8170,3,9,,,
C221,C221,8160,3,9,,,
C222,C220,8970,3,9,,,
C223,C220,9120,3,9,,,
C224,C220,8800,3,9,,,
C225,C220,8000,3,9,,,
C226,C220,8000,3,9,,,
C227,C220,8000,3,9,,,
C228,C220,8000,3,9,,,
C229,C220,8000,3,9,,,
C230,C230,8000,3,9,,,
C231,C231,8000,3,9,,,
C232,C232,8000,3,9,,,
C233,C233,8000,3,9,,,
C234,C234,8000,3,9,,,
C235,C235,8000,3,9,,,
C236,C236,8000,3,9,,,
C237,C237,8000,3,9,,,
C238,C238,8000,3,9,,,
C239,C239,8000,3,9,,,
C240,C240,8000,3,9,,,
C241,C241,8000,3,9,,,
C242,C242,8000,3,9,,,
C243,C243,8000,3,9,,,
C244,C244,8000,3,9,,,
C245,C245,8000,3,9,,,
C246,C246,8000,3,9,,,
C247,C247,8000,3,9,,,
C248,C248,8000,3,9,,,
C249,C249,8000,3,9,,,
C250,C250,8000,3,9,,,
C251,C251,8000,3,9,,,
C252,C252,8000,3,9,,,
C253,C253,8000,3,9,,,
C254,C254,8000,3,9,,,
C255,C255,8000,3,9,,,
C256,C256,8000,3,9,,,
C257,C257,8000,3,9,,,
C258,C258,8000,3,9,,,
C259,C259,8000,3,9,,,
C260,C260,8000,3,9,,,
C261,C261,8000,3,9,,,
C262,C262,8000,3,9,,,
C263,C263,8000,3,9,,,
C264,C264,8000,3,9,,,
C265,C265,8000,3,9,,,
C266,C266,8000,3,9,,,
C267,C267,8000,3,9,,,
C268,C268,8000,3,9,,,
C269,C269,8000,3,9,,,
C270,C270,8000,3,9,,,
C271,C271,8000,3,9,,,
C272,C272,8000,3,9,,,
C273,C273,8000,3,9,,,
C274,C274,8000,3,9,,,
C275,C275,8000,3,9,,,
C276,C276,8000,3,9,,,
C277,C277,8000,3,9,,,
C278,C278,8000,3,9,,,
C279,C279,8000,3,9,,,
C280,C280,8000,3,9,,,
C281,C281,8000,3,9,,,
C282,C282,8000,3,9,,,
C283,C283,8000,3,9,,,
C284,C284,8000,3,9,,,
C285,C285,8000,3,9,,,
C286,C286,8000,3,9,,,
C287,C287,8000,3,9,,,
C288,C288,8000,3,9,,,
C289,C289,8000,3,9,,,
C290,C290,8000,3,9,,,
C291,C291,8000,3,9,,,
C292,C292,8000,3,9,,,
C293,C293,8000,3,9,,,
C294,C294,8000,3,9,,,
C295,C295,8000,3,9,,,
C296,C296,8000,3,9,,,
C297,C297,8000,3,9,,,
C298,C298,8000,3,9,,,
C299,C299,8000,3,9,,,
C300,C300,8000,3,9,,,
C301,C301,8000,3,9,,,
C302,C302,8000,3,9,,,
C303,C303,8000,3,9,,,
C304,C304,8000,3,9,,,
C305,C305,8000,3,9,,,
C306,C306,8000,3,9,,,
C307,C307,8000,3,9,,,
C308,C308,8000,3,9,,,
C309,C309,8000,3,9,,,
C310,C310,8000,3,9,,,
C311,C311,8000,3,9,,,
C312,C312,8000,3,9,,,
C313,C313,8000,3,9,,,
C314,C314,8000,3,9,,,
C315,C315,8000,3,9,,,
C316,C316,8000,3,9,,,
C317,C317,8000,3,9,,,
C318,C318,8000,3,9,,,
C319,C319,8000,3,9,,,
C320,C320,8000,3,9,,,
C321,C321,8000,3,9,,,
C322,C322,8000,3,9,,,
C323,C323,8000,3,9,,,
C324,C324,8000,3,9,,,
C325,C325,8000,3,9,,,
C326,C326,8000,3,9,,,
C327,C327,8000,3,9,,,
C328,C328,8000,3,9,,,
C329,C329,8000,3,9,,,
C330,C330,8000,3,9,,,
C331,C331,8000,3,9,,,
C332,C332,8000,3,9,,,
C333,C333,8000,3,9,,,
C334,C334,8000,3,9,,,
C335,C335,8000,3,9,,,
C336,C336,8000,3,9,,,
C337,C337,8000,3,9,,,
C338,C338,8000,3,9,,,
C339,C339,8000,3,9,,,
C340,C340,8000,3,9,,,
C341,C341,8000,3,9,,,
C342,C342,8000,3,9,,,
C343,C343,8000,3,9,,,
C344,C344,8000,3,9,,,
C345,C345,8000,3,9,,,
C346,C346,8000,3,9,,,
C347,C347,8000,3,9,,,
C348,C348,8000,3,9,,,
C349,C349,8000,3,9,,,
C350,C350,8000,3,9,,,
C351,C351,8000,3,9,,,
C352,C352,8000,3,9,,,
C353,C353,8000,3,9,,,
C354,C354,8000,3,9,,,
C355,C355,8000,3,9,,,
C356,C356,8000,3,9,,,
C357,C357,8000,3,9,,,
C358,C358,8000,3,9,,,
C359,C359,8000,3,9,,,
C360,C360,8000,3,9,,,
C361,C361,8000,3,9,,,
C362,C362,8000,3,9,,,
C363,C363,8000,3,9,,,
C364,C364,8000,3,9,,,
C365,C365,8000,3,9,,,
C366,C366,8000,3,9,,,
C367,C367,8000,3,9,,,
C368,C368,8000,3,9,,,
C369,C369,8000,3,9,,,
C370,C370,8000,3,9,,,
C371,C371,8000,3,9,,,
C372,C372,8000,3,9,,,
C373,C373,8000,3,9,,,
C374,C374,8000,3,9,,,
C375,C375,8000,3,9,,,
C376,C376,8000,3,9,,,
C377,C377,8000,3,9,,,
C378,C378,8000,3,9,,,
C379,C379,8000,3,9,,,
C380,C380,8000,3,9,,,
C381,C381,8000,3,9,,,
C382,C382,8000,3,9,,,
C383,C383,8000,3,9,,,
C384,C384,8000,3,9,,,
C385,C385,8000,3,9,,,
C386,C386,8000,3,9,,,
C387,C387,8000,3,9,,,
C388,C388,8000,3,9,,,
C389,C389,8000,3,9,,,
C390,C390,8000,3,9,,,
C391,C391,8000,3,9,,,
C392,C392,8000,3,9,,,
C393,C393,8000,3,9,,,
C394,C394,8000,3,9,,,
C395,C395,8000,3,9,,,
C396,C396,8000,3,9,,,
C397,C397,8000,3,9,,,
C398,C398,8000,3,9,,,
C399,C399,8000,3,9,,,
C400,C400,8000,3,9,,,
C401,C401,8000,3,9,,,
C402,C402,8000,3,9,,,
C403,C403,8000,3,9,,,
C404,C404,8000,3,9,,,
C405,C405,8000,3,9,,,
C406,C406,8000,3,9,,,
C407,C407,8000,3,9,,,
C408,C408,8000,3,9,,,
C409,C409,8000,3,9,,,
C410,C410,8000,3,9,,,
C411,C411,8000,3,9,,,
C412,C412,8000,3,9,,,
C413,C413,8000,3,9,,,
C414,C414,8000,3,9,,,
C415,C415,8000,3,9,,,
C416,C416,8000,3,9,,,
C417,C417,8000,3,9,,,
C418,C418,8000,3,9,,,
C419,C419,8000,3,9,,,
C430,C440,8720,3,9,,,
C431,C441,8720,3,9,,,
C432,C442,8720,3,9,,,
C433,C443,8720,3,9,,,
C434,C444,8720,3,9,,,
C435,C445,8720,3,9,,,
C436,C446,8720,3,9,,,
C437,C447,8720,3,9,,,
C438,C448,8720,3,9,,,
C439,C449,8720,3,9,,,
C440,C440,8000,3,9,,,
C441,C441,8000,3,9,,,
C442,C442,8000,3,9,,,
C443,C443,8000,3,9,,,
C444,C444,8000,3,9,,,
C445,C445,8000,3,9,,,
C446,C446,8000,3,9,,,
C447,C447,8000,3,9,,,
C448,C448,8000,3,9,,,
C449,C449,8000,3,9,,,
C450,C384,9050,3,9,,,
C451,C482,9050,3,9,,,
C452,C380,9050,3,9,,,
C457,C809,9050,3,9,,,
C459,C809,9050,3,9,,,
C460,C449,9140,3,9,,,
C461,C499,9140,3,9,,,
C462,C059,9140,3,9,,,
C463,C779,9140,3,9,,,
C467,C809,9140,3,9,,,
C468,C809,9140,3,9,,,
C469,C809,9140,3,9,,,
C470,C470,8000,3,9,,,
C471,C471,8000,3,9,,,
C472,C472,8000,3,9,,,
C473,C473,8000,3,9,,,
C474,C474,8000,3,9,,,
C475,C475,8000,3,9,,,
C476,C476,8000,3,9,,,
C477,C477,8000,3,9,,,
C478,C478,8000,3,9,,,
C479,C479,8000,3,9,,,
C480,C480,8000,3,9,,,
C481,C481,8000,3,9,,,
C482,C482,8000,3,9,,,
C483,C483,8000,3,9,,,
C484,C484,8000,3,9,,,
C485,C485,8000,3,9,,,
C486,C486,8000,3,9,,,
C487,C487,8000,3,9,,,
C488,C488,8000,3,9,,,
C489,C488,8000,3,9,,,
C490,C490,8800,3,9,,,
C491,C491,8800,3,9,,,
C492,C492,8800,3,9,,,
C493,C493,8800,3,9,,,
C494,C494,8800,3,9,,,
C495,C495,8800,3,9,,,
C496,C496,8800,3,9,,,
C497,C497,8800,3,9,,,
C498,C498,8800,3,9,,,
C499,C499,8800,3,9,,,
C500,C500,8000,3,9,,,
C501,C501,8000,3,9,,,
C502,C502,8000,3,9,,,
C503,C503,8000,3,9,,,
C504,C504,8000,3,9,,,
C505,C505,8000,3,9,,,
C506,C506,8000,3,9,,,
C507,C507,8000,3,9,,,
C508,C508,8000,3,9,,,
C509,C509,8000,3,9,,,
C510,C510,8000,3,9,,,
C511,C511,8000,3,9,,,
C512,C512,8000,3,9,,,
C513,C513,8000,3,9,,,
C514,C514,8000,3,9,,,
C515,C515,8000,3,9,,,
C516,C516,8000,3,9,,,
C517,C517,8000,3,9,,,
C518,C518,8000,3,9,,,
C519,C519,8000,3,9,,,
C520,C520,8000,3,9,,,
C521,C521,8000,3,9,,,
C522,C522,8000,3,9,,,
C523,C523,8000,3,9,,,
C524,C524,8000,3,9,,,
C525,C525,8000,3,9,,,
C526,C526,8000,3,9,,,
C527,C527,8000,3,9,,,
C528,C528,8000,3,9,,,
C529,C529,8000,3,9,,,
C530,C530,8000,3,9,,,
C531,C531,8000,3,9,,,
C532,C532,8000,3,9,,,
C533,C533,8000,3,9,,,
C534,C534,8000,3,9,,,
C535,C535,8000,3,9,,,
C536,C536,8000,3,9,,,
C537,C537,8000,3,9,,,
C538,C538,8000,3,9,,,
C539,C539,8000,3,9,,,
C540,C540,8000,3,9,,,
C541,C541,8000,3,9,,,
C542,C542,8000,3,9,,,
C543,C543,8000,3,9,,,
C544,C544,8000,3,9,,,
C545,C545,8000,3,9,,,
C546,C546,8000,3,9,,,
C547,C547,8000,3,9,,,
C548,C548,8000,3,9,,,
C549,C549,8000,3,9,,,
C550,C550,8000,3,9,,,
C551,C551,8000,3,9,,,
C552,C552,8000,3,9,,,
C553,C553,8000,3,9,,,
C554,C554,8000,3,9,,,
C555,C555,8000,3,9,,,
C556,C556,8000,3,9,,,
C557,C557,8000,3,9,,,
C558,C558,8000,3,9,,,
C559,C559,8000,3,9,,,
C560,C560,8000,3,9,,,
C561,C561,8000,3,9,,,
C562,C562,8000,3,9,,,
C563,C563,8000,3,9,,,
C564,C564,8000,3,9,,,
C565,C565,8000,3,9,,,
C566,C566,8000,3,9,,,
C567,C567,8000,3,9,,,
C568,C568,8000,3,9,,,
C569,C569,8000,3,9,,,
C570,C570,8000,3,9,,,
C571,C571,8000,3,9,,,
C572,C572,8000,3,9,,,
C573,C573,8000,3,9,,,
C574,C574,8000,3,9,,,
C575,C575,8000,3,9,,,
C576,C576,8000,3,9,,,
C577,C577,8000,3,9,,,
C578,C578,8000,3,9,,,
C579,C579,8000,3,9,,,
C580,C580,8000,3,9,,,
C581,C581,8000,3,9,,,
C582,C582,8000,3,9,,,
C583,C583,8000,3,9,,,
C584,C584,8000,3,9,,,
C585,C585,8000,3,9,,,
C586,C586,8000,3,9,,,
C587,C587,8000,3,9,,,
C588,C588,8000,3,9,,,
C589,C589,8000,3,9,,,
C590,C590,8000,3,9,,,
C591,C591,8000,3,9,,,
C592,C592,8000,3,9,,,
C593,C593,8000,3,9,,,
C594,C594,8000,3,9,,,
C595,C595,8000,3,9,,,
C596,C596,8000,3,9,,,
C597,C597,8000,3,9,,,
C598,C598,8000,3,9,,,
C599,C599,8000,3,9,,,
C600,C600,8000,3,9,,,
C601,C601,8000,3,9,,,
C602,C602,8000,3,9,,,
C603,C603,8000,3,9,,,
C604,C604,8000,3,9,,,
C605,C605,8000,3,9,,,
C606,C606,8000,3,9,,,
C607,C607,8000,3,9,,,
C608,C608,8000,3,9,,,
C609,C609,8000,3,9,,,
C610,C610,8000,3,9,,,
C611,C611,8000,3,9,,,
C612,C612,8000,3,9,,,
C613,C613,8000,3,9,,,
C614,C614,8000,3,9,,,
C615,C615,8000,3,9,,,
C616,C616,8000,3,9,,,
C617,C617,8000,3,9,,,
C618,C618,8000,3,9,,,
C619,C619,8000,3,9,,,
C620,C620,8000,3,9,,,
C621,C621,8000,3,9,,,
C622,C622,8000,3,9,,,
C623,C623,8000,3,9,,,
C624,C624,8000,3,9,,,
C625,C625,8000,3,9,,,
C626,C626,8000,3,9,,,
C627,C627,8000,3,9,,,
C628,C628,8000,3,9,,,
C629,C629,8000,3,9,,,
C630,C630,8000,3,9,,,
C631,C631,8000,3,9,,,
C632,C632,8000,3,9,,,
C633,C633,8000,3,9,,,
C634,C634,8000,3,9,,,
C635,C635,8000,3,9,,,
C636,C636,8000,3,9,,,
C637,C637,8000,3,9,,,
C638,C638,8000,3,9,,,
C639,C639,8000,3,9,,,
C640,C640,8000,3,9,,,
C641,C641,8000,3,9,,,
C642,C642,8000,3,9,,,
C643,C643,8000,3,9,,,
C644,C644,8000,3,9,,,
C645,C645,8000,3,9,,,
C646,C646,8000,3,9,,,
C647,C647,8000,3,9,,,
C648,C648,8000,3,9,,,
C649,C649,8000,3,9,,,
C650,C650,8000,3,9,,,
C651,C651,8000,3,9,,,
C652,C652,8000,3,9,,,
C653,C653,8000,3,9,,,
C654,C654,8000,3,9,,,
C655,C655,8000,3,9,,,
C656,C656,8000,3,9,,,
C657,C657,8000,3,9,,,
C658,C658,8000,3,9,,,
C659,C659,8000,3,9,,,
C660,C660,8000,3,9,,,
C661,C661,8000,3,9,,,
C662,C662,8000,3,9,,,
C663,C663,8000,3,9,,,
C664,C664,8000,3,9,,,
C665,C665,8000,3,9,,,
C666,C666,8000,3,9,,,
C667,C667,8000,3,9,,,
C668,C668,8000,3,9,,,
C669,C669,8000,3,9,,,
C670,C670,8000,3,9,,,
C671,C671,8000,3,9,,,
C672,C672,8000,3,9,,,
C673,C673,8000,3,9,,,
C674,C674,8000,3,9,,,
C675,C675,8000,3,9,,,
C676,C676,8000,3,9,,,
C677,C677,8000,3,9,,,
C678,C678,8000,3,9,,,
C679,C679,8000,3,9,,,
C680,C680,8000,3,9,,,
C681,C681,8000,3,9,,,
C682,C682,8000,3,9,,,
C683,C683,8000,3,9,,,
C684,C684,8000,3,9,,,
C685,C685,8000,3,9,,,
C686,C686,8000,3,9,,,
C687,C687,8000,3,9,,,
C688,C688,8000,3,9,,,
C689,C689,8000,3,9,,,
C690,C690,8000,3,9,,,
C691,C691,8000,3,9,,,
C692,C692,8000,3,9,,,
C693,C693,8000,3,9,,,
C694,C694,8000,3,9,,,
C695,C695,8000,3,9,,,
C696,C696,8000,3,9,,,
C697,C697,8000,3,9,,,
C698,C698,8000,3,9,,,
C699,C699,8000,3,9,,,
C700,C700,8000,3,9,,,
C701,C701,8000,3,9,,,
C702,C702,8000,3,9,,,
C703,C703,8000,3,9,,,
C704,C704,8000,3,9,,,
C705,C705,8000,3,9,,,
C706,C706,8000,3,9,,,
C707,C707,8000,3,9,,,
C708,C708,8000,3,9,,,
C709,C709,8000,3,9,,,
C710,C710,8000,3,9,,,
C711,C711,8000,3,9,,,
C712,C712,8000,3,9,,,
C713,C713,8000,3,9,,,
C714,C714,8000,3,9,,,
C715,C715,8000,3,9,,,
C716,C716,8000,3,9,,,
C717,C717,8000,3,9,,,
C718,C718,8000,3,9,,,
C719,C719,8000,3,9,,,
C720,C720,8000,3,9,,,
C721,C721,8000,3,9,,,
C722,C722,8000,3,9,,,
C723,C723,8000,3,9,,,
C724,C724,8000,3,9,,,
C725,C725,8000,3,9,,,
C726,C726,8000,3,9,,,
C727,C727,8000,3,9,,,
C728,C728,8000,3,9,,,
C729,C729,8000,3,9,,,
C730,C730,8000,3,9,,,
C731,C731,8000,3,9,,,
C732,C732,8000,3,9,,,
C733,C733,8000,3,9,,,
C734,C734,8000,3,9,,,
C735,C735,8000,3,9,,,
C736,C736,8000,3,9,,,
C737,C737,8000,3,9,,,
C738,C738,8000,3,9,,,
C739,C739,8000,3,9,,,
C740,C740,8000,3,9,,,
C741,C741,8000,3,9,,,
C742,C742,8000,3,9,,,
C743,C743,8000,3,9,,,
C744,C744,8000,3,9,,,
C745,C745,8000,3,9,,,
C746,C746,8000,3,9,,,
C747,C747,8000,3,9,,,
C748,C748,8000,3,9,,,
C749,C749,8000,3,9,,,
C750,C750,8000,3,9,,,
C751,C751,8000,3,9,,,
C752,C752,8000,3,9,,,
C753,C753,8000,3,9,,,
C754,C754,8000,3,9,,,
C755,C755,8000,3,9,,,
C756,C756,8000,3,9,,,
C757,C757,8000,3,9,,,
C758,C758,8000,3,9,,,
C759,C759,8000,3,9,,,
C760,C760,8000,3,9,,,
C761,C761,8000,3,9,,,
C762,C762,8000,3,9,,,
C763,C763,8000,3,9,,,
C764,C764,8000,3,9,,,
C765,C765,8000,3,9,,,
C766,C766,8000,3,9,,,
C767,C767,8000,3,9,,,
C768,C768,8000,3,9,,,
C769,C488,8000,3,9,,,
C770,C809,8000,3,9,,,
C771,C809,8000,3,9,,,
C772,C809,8000,3,9,,,
C773,C809,8000,3,9,,,
C774,C809,8000,3,9,,,
C775,C809,8000,3,9,,,
C776,C809,8000,3,9,,,
C777,C809,8000,3,9,,,
C778,C809,8000,3,9,,,
C779,C809,8000,3,9,,,
C780,C809,8000,3,9,,,
C781,C809,8000,3,9,,,
C782,C809,8000,3,9,,,
C783,C809,8000,3,9,,,
C784,C809,8000,3,9,,,
C785,C809,8000,3,9,,,
C786,C809,8000,3,9,,,
C787,C809,8000,3,9,,,
C788,C809,8000,3,9,,,
C789,C809,8000,3,9,,,
C790,C809,8000,3,9,,,
C791,C809,8000,3,9,,,
C792,C809,8000,3,9,,,
C793,C809,8000,3,9,,,
C794,C809,8000,3,9,,,
C795,C809,8000,3,9,,,
C796,C809,8000,3,9,,,
C797,C809,8000,3,9,,,
C798,C809,8000,3,9,,,
C799,C809,8000,3,9,,,
C809,C809,8000,3,9,,,
C810,C779,9659,3,9,,,
C811,C779,9663,3,9,,,
C812,C779,9652,3,9,,,
C813,C779,9653,3,9,,,
C817,C779,9650,3,9,,,
C819,C779,9650,3,9,,,
C820,C779,9695,3,9,,,
C821,C779,9691,3,9,,,
C822,C779,9698,3,9,,,
C827,C779,9690,3,9,,,
C829,C779,9690,3,9,,,
C830,C779,9823,3,9,,,
C831,C779,9591,3,9,,,
C832,C779,9690,3,9,,,
C833,C779,9680,3,9,,,
C834,C779,9680,3,9,,,
C835,C779,9591,3,9,,,
C836,C779,9591,3,9,,,
C837,C779,9687,3,9,,,
C838,C779,9591,3,9,,,
C839,C779,9591,3,9,,,
C840,C449,9700,3,9,,,
C841,C449,9701,3,9,,,
C842,C449,9702,3,9,,,
C843,C449,9702,3,9,,,
C844,C449,9702,3,9,,,
C845,C449,9702,3,9,,,
C849,C449,9702,3,9,,,
C850,C779,9591,3,9,,,
C851,C779,9591,3,9,,,
C857,C779,9590,3,9,,,
C859,C779,9590,3,9,,,
C880,C420,9761,3,9,,,
C881,C421,9762,3,9,,,
C882,C420,9762,3,9,,,
C883,C420,9762,3,9,,,
C887,C421,9762,3,9,,,
C889,C421,9762,3,9,,,
C900,C421,9732,3,9,,,
C901,C421,9732,3,9,,,
C902,C421,9734,3,9,,,
C909,C421,9732,3,9,,,
C910,C421,9811,3,9,,,
C911,C421,9823,3,9,,,
C912,C421,9820,3,9,,,
C913,C421,9832,3,9,,,
C914,C421,9940,3,9,,,
C915,C421,9827,3,9,,,
C917,C421,9820,3,9,,,
C919,C421,9820,3,9,,,
C920,C421,9861,3,9,,,
C921,C421,9863,3,9,,,
C922,C421,9860,3,9,,,
C923,C421,9930,3,9,,,
C924,C421,9866,3,9,,,
C925,C421,9867,3,9,,,
C927,C421,9860,3,9,,,
C929,C421,9860,3,9,,,
C930,C421,9891,3,9,,,
C931,C421,9860,3,9,,,
C932,C421,9860,3,9,,,
C937,C421,9860,3,9,,,
C939,C421,9860,3,9,,,
C940,C421,9840,3,9,,,
C941,C421,9950,3,9,,,
C942,C421,9910,3,9,,,
C943,C421,9742,3,9,,,
C944,C421,9931,3,9,,,
C945,C421,9931,3,9,,,
C947,C421,9800,3,9,,,
C950,C421,9801,3,9,,,
C951,C421,9800,3,9,,,
C952,C421,9800,3,9,,,
C957,C421,9800,3,9,,,
C959,C421,9800,3,9,,,
C960,C421,9751,3,9,,,
C961,C421,9751,3,9,,,
C962,C421,9740,3,9,,,
C963,C779,9755,3,9,,,
C967,C421,9590,3,9,,,
C969,C421,9590,3,9,,,
C979,C809,8000,3,9,,,
D000,C148,8010,2,9,,,
D001,C159,8010,2,9,,,
D002,C169,8010,2,9,,,
D010,C189,8010,2,9,,,
D011,C199,8010,2,9,,,
D012,C209,8010,2,9,,,
D013,C218,8010,2,9,,,
D014,C260,8010,2,9,,,
D015,C249,8010,2,9,,,
D017,C269,8010,2,9,,,
D019,C269,8010,2,9,,,
D020,C329,8010,2,9,,,
D021,C339,8010,2,9,,,
D022,C349,8010,2,9,,,
D023,C399,8010,2,9,,,
D024,C399,8010,2,9,,,
D030,C440,8720,2,9,,,
D031,C441,8720,2,9,,,
D032,C442,8720,2,9,,,
D033,C443,8720,2,9,,,
D034,C444,8720,2,9,,,
D035,C445,8720,2,9,,,
D036,C446,8720,2,9,,,
D037,C447,8720,2,9,,,
D038,C449,8720,2,9,,,
D039,C449,8720,2,9,,,
D040,C440,8000,2,9,,,
D041,C441,8000,2,9,,,
D042,C442,8000,2,9,,,
D043,C443,8000,2,9,,,
D044,C444,8000,2,9,,,
D045,C445,8000,2,9,,,
D046,C446,8000,2,9,,,
D047,C447,8000,2,9,,,
D048,C449,8000,2,9,,,
D049,C449,8000,2,9,,,
D050,C509,8520,2,9,,,
D051,C509,8500,2,9,,,
D057,C509,8010,2,9,,,
D059,C509,8010,2,9,,,
D060,C530,8010,2,9,,,
D061,C531,8010,2,9,,,
D067,C538,8010,2,9,,,
D069,C539,8010,2,9,,,
D070,C541,8010,2,9,,,
D071,C519,8010,2,9,,,
D072,C529,8010,2,9,,,
D073,C579,8010,2,9,,,
D074,C609,8010,2,9,,,
D075,C619,8010,2,9,,,
D076,C639,8010,2,9,,,
D090,C679,8010,2,9,,,
D091,C689,8010,2,9,,,
D092,C699,8010,2,9,,,
D093,C739,8010,2,9,,,
D097,C809,8010,2,9,,,
D099,C809,8010,2,9,,,
D100,C009,8000,0,9,,,
D101,C029,8000,0,9,,,
D102,C049,8000,0,9,,,
D103,C069,8000,0,9,,,
D104,C099,8000,0,9,,,
D105,C109,8000,0,9,,,
D106,C119,8000,0,9,,,
D107,C139,8000,0,9,,,
D108,C809,8000,0,9,,,
D109,C140,8000,0,9,,,
D110,C079,8000,0,9,,,
D111,C809,8000,0,9,,,
D112,C809,8000,0,9,,,
D113,C809,8000,0,9,,,
D114,C809,8000,0,9,,,
D115,C809,8000,0,9,,,
D116,C809,8000,0,9,,,
D117,C089,8000,0,9,,,
D118,C809,8000,0,9,,,
D119,C089,8000,0,9,,,
D120,C180,8000,0,9,,,
D121,C181,8000,0,9,,,
D122,C182,8000,0,9,,,
D123,C184,8000,0,9,,,
D124,C186,8000,0,9,,,
D125,C187,8000,0,9,,,
D126,C189,8000,0,9,,,
D127,C199,8000,0,9,,,
D128,C209,8000,0,9,,,
D129,C218,8000,0,9,,,
D130,C159,8000,0,9,,,
D131,C169,8000,0,9,,,
D132,C170,8000,0,9,,,
D133,C179,8000,0,9,,,
D134,C220,8000,0,9,,,
D135,C221,8000,0,9,,,
D136,C259,8000,0,9,,,
D137,C259,8000,0,9,,,
D138,C809,8000,0,9,,,
D139,C269,8000,0,9,,,
D140,C300,8000,0,9,,,
D141,C329,8000,0,9,,,
D142,C339,8000,0,9,,,
D143,C349,8000,0,9,,,
D144,C399,8000,0,9,,,
D145,C809,8000,0,9,,,
D146,C809,8000,0,9,,,
D147,C809,8000,0,9,,,
D148,C809,8000,0,9,,,
D149,C809,8000,0,9,,,
D150,C379,8000,0,9,,,
D151,C380,8000,0,9,,,
D152,C383,8000,0,9,,,
D153,C809,8000,0,9,,,
D154,C809,8000,0,9,,,
D155,C809,8000,0,9,,,
D156,C809,8000,0,9,,,
D157,C399,8000,0,9,,,
D158,C809,8000,0,9,,,
D159,C399,8000,0,9,,,
D160,C400,8000,0,9,,,
D161,C401,8000,0,9,,,
D162,C402,8000,0,9,,,
D163,C403,8000,0,9,,,
D164,C410,8000,0,9,,,
D165,C411,8000,0,9,,,
D166,C412,8000,0,9,,,
D167,C413,8000,0,9,,,
D168,C414,8000,0,9,,,
D169,C419,8000,0,9,,,
D170,C449,8850,0,9,,,
D171,C445,8850,0,9,,,
D172,C449,8850,0,9,,,
D173,C449,8850,0,9,,,
D174,C761,8850,0,9,,,
D175,C762,8850,0,9,,,
D176,C631,8850,0,9,,,
D177,C809,8850,0,9,,,
D178,C809,8000,0,9,,,
D179,C809,8850,0,9,,,
D180,C809,9120,0,9,,,
D181,C809,9170,0,9,,,
D182,C809,8000,0,9,,,
D183,C809,8000,0,9,,,
D184,C809,8000,0,9,,,
D185,C809,8000,0,9,,,
D186,C809,8000,0,9,,,
D187,C809,8000,0,9,,,
D188,C809,8000,0,9,,,
D189,C809,8000,0,9,,,
D190,C384,9050,0,9,,,
D191,C482,9050,0,9,,,
D192,C809,8000,0,9,,,
D193,C809,8000,0,9,,,
D194,C809,8000,0,9,,,
D195,C809,8000,0,9,,,
D196,C809,8000,0,9,,,
D197,C809,9050,0,9,,,
D198,C809,8000,0,9,,,
D199,C809,9050,0,9,,,
D200,C480,8000,0,9,,,
D201,C482,8000,0,9,,,
D202,C809,8000,0,9,,,
D203,C809,8000,0,9,,,
D204,C809,8000,0,9,,,
D205,C809,8000,0,9,,,
D206,C809,8000,0,9,,,
D207,C809,8000,0,9,,,
D208,C809,8000,0,9,,,
D209,C809,8000,0,9,,,
D210,C490,8000,0,9,,,
D211,C491,8000,0,9,,,
D212,C492,8000,0,9,,,
D213,C493,8000,0,9,,,
D214,C494,8000,0,9,,,
D215,C495,8000,0,9,,,
D216,C496,8000,0,9,,,
D217,C809,8000,0,9,,,
D218,C809,8000,0,9,,,
D219,C499,8000,0,9,,,
D220,C440,8720,0,9,,,
D221,C441,8720,0,9,,,
D222,C442,8720,0,9,,,
D223,C443,8720,0,9,,,
D224,C444,8720,0,9,,,
D225,C445,8720,0,9,,,
D226,C446,8720,0,9,,,
D227,C447,8720,0,9,,,
D229,C449,8720,0,9,,,
D230,C440,8000,0,9,,,
D231,C441,8000,0,9,,,
D232,C442,8000,0,9,,,
D233,C443,8000,0,9,,,
D234,C444,8000,0,9,,,
D235,C445,8000,0,9,,,
D236,C446,8000,0,9,,,
D237,C447,8000,0,9,,,
D238,C809,8000,0,9,,,
D239,C449,8000,0,9,,,
D240,C809,8000,0,9,,,
D241,C809,8000,0,9,,,
D242,C809,8000,0,9,,,
D243,C809,8000,0,9,,,
D244,C809,8000,0,9,,,
D245,C809,8000,0,9,,,
D246,C809,8000,0,9,,,
D247,C809,8000,0,9,,,
D248,C809,8000,0,9,,,
D249,C809,8000,0,9,,,
D250,C559,8890,0,9,,,
D251,C559,8890,0,9,,,
D252,C559,8890,0,9,,,
D253,C559,8890,0,9,,,
D254,C559,8890,0,9,,,
D255,C559,8890,0,9,,,
D256,C559,8890,0,9,,,
D257,C559,8890,0,9,,,
D258,C559,8890,0,9,,,
D259,C559,8890,0,9,,,
D260,C539,8000,0,9,,,
D261,C549,8000,0,9,,,
D267,C559,8000,0,9,,,
D269,C559,8000,0,9,,,
D270,C569,8000,0,9,,,
D271,C569,8000,0,9,,,
D272,C569,8000,0,9,,,
D273,C569,8000,0,9,,,
D274,C569,8000,0,9,,,
D275,C569,8000,0,9,,,
D276,C569,8000,0,9,,,
D277,C569,8000,0,9,,,
D278,C569,8000,0,9,,,
D279,C569,8000,0,9,,,
D280,C519,8000,0,9,,,
D281,C529,8000,0,9,,,
D282,C579,8000,0,9,,,
D283,C809,8000,0,9,,,
D284,C809,8000,0,9,,,
D285,C809,8000,0,9,,,
D286,C809,8000,0,9,,,
D287,C579,8000,0,9,,,
D288,C809,8000,0,9,,,
D289,C579,8000,0,9,,,
D290,C609,8000,0,9,,,
D291,C619,8000,0,9,,,
D292,C629,8000,0,9,,,
D293,C630,8000,0,9,,,
D294,C632,8000,0,9,,,
D295,C809,8000,0,9,,,
D296,C809,8000,0,9,,,
D297,C639,8000,0,9,,,
D298,C809,8000,0,9,,,
D299,C639,8000,0,9,,,
D300,C649,8000,0,9,,,
D301,C659,8000,0,9,,,
D302,C669,8000,0,9,,,
D303,C679,8000,0,9,,,
D304,C680,8000,0,9,,,
D305,C809,8000,0,9,,,
D306,C809,8000,0,9,,,
D307,C689,8000,0,9,,,
D308,C809,8000,0,9,,,
D309,C689,8000,0,9,,,
D310,C690,8000,0,9,,,
D311,C691,8000,0,9,,,
D312,C692,8000,0,9,,,
D313,C963,8000,0,9,,,
D314,C964,8000,0,9,,,
D315,C695,8000,0,9,,,
D316,C696,8000,0,9,,,
D317,C809,8000,0,9,,,
D318,C809,8000,0,9,,,
D319,C699,8000,0,9,,,
D320,C700,8000,0,9,,,
D321,C701,8000,0,9,,,
D322,C809,8000,0,9,,,
D323,C809,8000,0,9,,,
D324,C809,8000,0,9,,,
D325,C809,8000,0,9,,,
D326,C809,8000,0,9,,,
D327,C809,8000,0,9,,,
D328,C809,8000,0,9,,,
D329,C709,8000,0,9,,,
D330,C710,8000,0,9,,,
D331,C717,8000,0,9,,,
D332,C719,8000,0,9,,,
D333,C725,8000,0,9,,,
D334,C720,8000,0,9,,,
D335,C809,8000,0,9,,,
D336,C809,8000,0,9,,,
D337,C729,8000,0,9,,,
D338,C809,8000,0,9,,,
D339,C729,8000,0,9,,,
D340,C739,8000,0,9,,,
D341,C739,8000,0,9,,,
D342,C739,8000,0,9,,,
D343,C739,8000,0,9,,,
D344,C739,8000,0,9,,,
D345,C739,8000,0,9,,,
D346,C739,8000,0,9,,,
D347,C739,8000,0,9,,,
D348,C739,8000,0,9,,,
D349,C739,8000,0,9,,,
D350,C749,8000,0,9,,,
D351,C750,8000,0,9,,,
D352,C751,8000,0,9,,,
D353,C752,8000,0,9,,,
D354,C753,8000,0,9,,,
D355,C754,8000,0,9,,,
D356,C755,8000,0,9,,,
D357,C759,8000,0,9,,,
D358,C758,8000,0,9,,,
D359,C759,8000,0,9,,,
D360,C779,8000,0,9,,,
D361,C479,8000,0,9,,,
D362,C809,8000,0,9,,,
D363,C809,8000,0,9,,,
D364,C809,8000,0,9,,,
D365,C809,8000,0,9,,,
D366,C809,8000,0,9,,,
D367,C809,8000,0,9,,,
D368,C809,8000,0,9,,,
D369,C809,8000,0,9,,,
D370,C148,8000,1,9,,,
D371,C169,8000,1,9,,,
D372,C179,8000,1,9,,,
D373,C181,8000,1,9,,,
D374,C189,8000,1,9,,,
D375,C209,8000,1,9,,,
D376,C269,8000,1,9,,,
D377,C269,8000,1,9,,,
D379,C269,8000,1,9,,,
D380,C329,8000,1,9,,,
D381,C349,8000,1,9,,,
D382,C384,8000,1,9,,,
D383,C383,8000,1,9,,,
D384,C379,8000,1,9,,,
D385,C399,8000,1,9,,,
D386,C399,8000,1,9,,,
D387,C809,8000,1,9,,,
D388,C809,8000,1,9,,,
D389,C809,8000,1,9,,,
D390,C559,8000,1,9,,,
D391,C569,8000,1,9,,,
D392,C589,8000,1,9,,,
D393,C809,8000,1,9,,,
D394,C809,8000,1,9,,,
D395,C809,8000,1,9,,,
D396,C809,8000,1,9,,,
D397,C579,8000,1,9,,,
D398,C809,8000,1,9,,,
D399,C579,8000,1,9,,,
D400,C619,8000,1,9,,,
D401,C629,8000,1,9,,,
D402,C809,8000,1,9,,,
D403,C809,8000,1,9,,,
D404,C809,8000,1,9,,,
D405,C809,8000,1,9,,,
D406,C809,8000,1,9,,,
D407,C639,8000,1,9,,,
D408,C809,8000,1,9,,,
D409,C639,8000,1,9,,,
D410,C649,8000,1,9,,,
D411,C659,8000,1,9,,,
D412,C669,8000,1,9,,,
D413,C680,8000,1,9,,,
D414,C679,8000,1,9,,,
D415,C809,8000,1,9,,,
D416,C809,8000,1,9,,,
D417,C689,8000,1,9,,,
D418,C809,8000,1,9,,,
D419,C689,8000,1,9,,,
D420,C700,8000,1,9,,,
D421,C701,8000,1,9,,,
D422,C809,8000,1,9,,,
D423,C809,8000,1,9,,,
D424,C809,8000,1,9,,,
D425,C809,8000,1,9,,,
D426,C809,8000,1,9,,,
D427,C809,8000,1,9,,,
D428,C809,8000,1,9,,,
D429,C709,8000,1,9,,,
D430,C710,8000,1,9,,,
D431,C717,8000,1,9,,,
D432,C719,8000,1,9,,,
D433,C725,8000,1,9,,,
D434,C720,8000,1,9,,,
D435,C809,8000,1,9,,,
D436,C809,8000,1,9,,,
D437,C729,8000,1,9,,,
D438,C809,8000,1,9,,,
D439,C729,8000,1,9,,,
D440,C739,8000,1,9,,,
D441,C749,8000,1,9,,,
D442,C750,8000,1,9,,,
D443,C751,8000,1,9,,,
D444,C752,8000,1,9,,,
D445,C753,8000,1,9,,,
D446,C754,8000,1,9,,,
D447,C755,8000,1,9,,,
D448,C758,8000,1,9,,,
D449,C759,8000,1,9,,,
D450,C421,9950,3,9,,,
D451,C421,9950,3,9,,,
D452,C421,9950,3,9,,,
D453,C421,9950,3,9,,,
D454,C421,9950,3,9,,,
D455,C421,9950,3,9,,,
D456,C421,9950,3,9,,,
D457,C421,9950,3,9,,,
D458,C421,9950,3,9,,,
D459,C421,9950,3,9,,,
D460,C421,9980,3,9,,,
D461,C421,9982,3,9,,,
D462,C421,9983,3,9,,,
D463,C421,9983,3,9,,,
D464,C421,9980,3,9,,,
D465,C421,9989,1,9,,,
D466,C421,9989,1,9,,,
D467,C421,9989,3,9,,,
D468,C421,9989,1,9,,,
D469,C421,9989,3,9,,,
D470,C421,9740,0,9,,,
D471,C421,9975,3,9,,,
D472,C421,9765,1,9,,,
D473,C421,9962,3,9,,,
D477,C809,8000,0,9,,,
D479,C809,8000,0,9,,,
D480,C419,8000,0,9,,,
D481,C499,8000,0,9,,,
D482,C479,8000,0,9,,,
D483,C480,8000,0,9,,,
D484,C482,8000,0,9,,,
D485,C449,8000,0,9,,,
D486,C509,8000,0,9,,,
D487,C809,8000,0,9,,,
D488,C809,8000,0,9,,,
D489,C809,8000,0,9,,,
